[debug] [2026-04-20T06:22:23.590Z] ----------------------------------------------------------------------
[debug] [2026-04-20T06:22:23.597Z] Command:       C:\Program Files\nodejs\node.exe C:\Users\Waleed\AppData\Roaming\npm\node_modules\firebase-tools\lib\bin\firebase.js deploy --only functions
[debug] [2026-04-20T06:22:23.598Z] CLI Version:   15.15.0
[debug] [2026-04-20T06:22:23.598Z] Platform:      win32
[debug] [2026-04-20T06:22:23.598Z] Node Version:  v24.15.0
[debug] [2026-04-20T06:22:23.599Z] Time:          Mon Apr 20 2026 11:22:23 GMT+0500 (Pakistan Standard Time)
[debug] [2026-04-20T06:22:23.599Z] ----------------------------------------------------------------------
[debug] 
[debug] [2026-04-20T06:22:27.878Z] > command requires scopes: ["email","openid","https://www.googleapis.com/auth/cloudplatformprojects.readonly","https://www.googleapis.com/auth/firebase","https://www.googleapis.com/auth/cloud-platform"]
[debug] [2026-04-20T06:22:27.879Z] > authorizing via signed-in user (workwithwaleed1@gmail.com)
[debug] [2026-04-20T06:22:27.880Z] [iam] checking project waleed-6d2b1 for permissions ["cloudfunctions.functions.create","cloudfunctions.functions.delete","cloudfunctions.functions.get","cloudfunctions.functions.list","cloudfunctions.functions.update","cloudfunctions.operations.get","firebase.projects.get"]
[debug] [2026-04-20T06:22:27.886Z] Checked if tokens are valid: true, expires at: 1776667754484
[debug] [2026-04-20T06:22:27.887Z] Checked if tokens are valid: true, expires at: 1776667754484
[debug] [2026-04-20T06:22:27.889Z] >>> [apiv2][query] POST https://cloudresourcemanager.googleapis.com/v1/projects/waleed-6d2b1:testIamPermissions [none]
[debug] [2026-04-20T06:22:27.890Z] >>> [apiv2][(partial)header] POST https://cloudresourcemanager.googleapis.com/v1/projects/waleed-6d2b1:testIamPermissions  x-goog-user-project=waleed-6d2b1
[debug] [2026-04-20T06:22:27.890Z] >>> [apiv2][body] POST https://cloudresourcemanager.googleapis.com/v1/projects/waleed-6d2b1:testIamPermissions {"permissions":["cloudfunctions.functions.create","cloudfunctions.functions.delete","cloudfunctions.functions.get","cloudfunctions.functions.list","cloudfunctions.functions.update","cloudfunctions.operations.get","firebase.projects.get"]}
[debug] [2026-04-20T06:22:30.919Z] <<< [apiv2][status] POST https://cloudresourcemanager.googleapis.com/v1/projects/waleed-6d2b1:testIamPermissions 200
[debug] [2026-04-20T06:22:30.919Z] <<< [apiv2][body] POST https://cloudresourcemanager.googleapis.com/v1/projects/waleed-6d2b1:testIamPermissions {"permissions":["cloudfunctions.functions.create","cloudfunctions.functions.delete","cloudfunctions.functions.get","cloudfunctions.functions.list","cloudfunctions.functions.update","cloudfunctions.operations.get","firebase.projects.get"]}
[debug] [2026-04-20T06:22:30.919Z] Checked if tokens are valid: true, expires at: 1776667754484
[debug] [2026-04-20T06:22:30.920Z] Checked if tokens are valid: true, expires at: 1776667754484
[debug] [2026-04-20T06:22:30.920Z] >>> [apiv2][query] POST https://iam.googleapis.com/v1/projects/waleed-6d2b1/serviceAccounts/waleed-6d2b1@appspot.gserviceaccount.com:testIamPermissions [none]
[debug] [2026-04-20T06:22:30.920Z] >>> [apiv2][body] POST https://iam.googleapis.com/v1/projects/waleed-6d2b1/serviceAccounts/waleed-6d2b1@appspot.gserviceaccount.com:testIamPermissions {"permissions":["iam.serviceAccounts.actAs"]}
[debug] [2026-04-20T06:22:32.658Z] <<< [apiv2][status] POST https://iam.googleapis.com/v1/projects/waleed-6d2b1/serviceAccounts/waleed-6d2b1@appspot.gserviceaccount.com:testIamPermissions 200
[debug] [2026-04-20T06:22:32.659Z] <<< [apiv2][body] POST https://iam.googleapis.com/v1/projects/waleed-6d2b1/serviceAccounts/waleed-6d2b1@appspot.gserviceaccount.com:testIamPermissions {"permissions":["iam.serviceAccounts.actAs"]}
[info] 
[info] === Deploying to 'waleed-6d2b1'...
[info] 
[info] i  deploying functions 
[debug] [2026-04-20T06:22:32.664Z] Checked if tokens are valid: true, expires at: 1776667754484
[debug] [2026-04-20T06:22:32.664Z] Checked if tokens are valid: true, expires at: 1776667754484
[debug] [2026-04-20T06:22:32.664Z] >>> [apiv2][query] GET https://cloudresourcemanager.googleapis.com/v1/projects/waleed-6d2b1 [none]
[debug] [2026-04-20T06:22:33.114Z] <<< [apiv2][status] GET https://cloudresourcemanager.googleapis.com/v1/projects/waleed-6d2b1 200
[debug] [2026-04-20T06:22:33.114Z] <<< [apiv2][body] GET https://cloudresourcemanager.googleapis.com/v1/projects/waleed-6d2b1 {"projectNumber":"41201313634","projectId":"waleed-6d2b1","lifecycleState":"ACTIVE","name":"waleed","labels":{"firebase":"enabled","firebase-core":"disabled"},"createTime":"2026-01-02T18:47:28.758549Z"}
[info] i  functions: preparing codebase default for deployment 
[info] i  functions: ensuring required API cloudfunctions.googleapis.com is enabled... 
[info] i  functions: ensuring required API cloudbuild.googleapis.com is enabled... 
[info] i  artifactregistry: ensuring required API artifactregistry.googleapis.com is enabled... 
[debug] [2026-04-20T06:22:33.122Z] Checked if tokens are valid: true, expires at: 1776667754484
[debug] [2026-04-20T06:22:33.122Z] Checked if tokens are valid: true, expires at: 1776667754484
[debug] [2026-04-20T06:22:33.122Z] >>> [apiv2][query] GET https://firebase.googleapis.com/v1beta1/projects/waleed-6d2b1/adminSdkConfig [none]
[debug] [2026-04-20T06:22:35.130Z] <<< [apiv2][status] GET https://firebase.googleapis.com/v1beta1/projects/waleed-6d2b1/adminSdkConfig 200
[debug] [2026-04-20T06:22:35.130Z] <<< [apiv2][body] GET https://firebase.googleapis.com/v1beta1/projects/waleed-6d2b1/adminSdkConfig {"projectId":"waleed-6d2b1","storageBucket":"waleed-6d2b1.firebasestorage.app"}
[debug] [2026-04-20T06:22:35.135Z] Validating nodejs source
[warn] !  functions: Runtime Node.js 20 will be deprecated on 2026-04-30 and will be decommissioned on 2026-10-30, after which you will not be able to deploy without upgrading. Consider upgrading now to avoid disruption. See https://cloud.google.com/functions/docs/runtime-support for full details on the lifecycle policy 
[warn] !  functions: package.json indicates an outdated version of firebase-functions. Please upgrade using npm install --save firebase-functions@latest in your functions directory. 
[warn] !  functions: Please note that there will be breaking changes when you upgrade. 
[debug] [2026-04-20T06:22:37.628Z] > [functions] package.json contents: {
  "name": "functions",
  "description": "Firebase Cloud Functions for PressPlay Nails",
  "private": true,
  "main": "index.js",
  "engines": {
    "node": "20"
  },
  "scripts": {
    "serve": "firebase emulators:start --only functions",
    "shell": "firebase functions:shell",
    "start": "npm run shell",
    "deploy": "firebase deploy --only functions",
    "logs": "firebase functions:log"
  },
  "dependencies": {
    "firebase-admin": "^12.0.0",
    "firebase-functions": "^4.5.0",
    "nodemailer": "^8.0.5",
    "resend": "^3.5.0"
  }
}
[debug] [2026-04-20T06:22:37.630Z] Building nodejs source
[info] i  functions: Loading and analyzing source code for codebase default to determine what to deploy 
[info] i  functions: You are using a version of firebase-functions SDK (4.9.0) that does not have support for the newest Firebase Extensions features. Please update firebase-functions SDK to >=5.1.0 to use them correctly 
[debug] [2026-04-20T06:22:37.640Z] Could not find functions.yaml. Must use http discovery
[debug] [2026-04-20T06:22:37.685Z] Found firebase-functions binary at 'D:\new web\website\functions\node_modules\.bin\firebase-functions'
[info] Serving at port 8648

[debug] [2026-04-20T06:22:38.771Z] Got response from /__/functions.yaml {"endpoints":{"autoSubscribeBuyerOnOrder":{"availableMemoryMb":null,"timeoutSeconds":null,"minInstances":null,"maxInstances":null,"ingressSettings":null,"concurrency":null,"serviceAccountEmail":null,"vpc":null,"platform":"gcfv2","labels":{},"eventTrigger":{"eventType":"google.cloud.firestore.document.v1.created","eventFilters":{"database":"(default)","namespace":"(default)"},"eventFilterPathPatterns":{"document":"orders/{orderId}"},"retry":false},"entryPoint":"autoSubscribeBuyerOnOrder"},"sendManualPaymentAdminAlert":{"availableMemoryMb":null,"timeoutSeconds":null,"minInstances":null,"maxInstances":null,"ingressSettings":null,"concurrency":null,"serviceAccountEmail":null,"vpc":null,"platform":"gcfv2","labels":{},"eventTrigger":{"eventType":"google.cloud.firestore.document.v1.created","eventFilters":{"database":"(default)","namespace":"(default)"},"eventFilterPathPatterns":{"document":"orders/{orderId}"},"retry":false},"entryPoint":"sendManualPaymentAdminAlert"},"sendNewProductEmail":{"availableMemoryMb":null,"timeoutSeconds":null,"minInstances":null,"maxInstances":null,"ingressSettings":null,"concurrency":null,"serviceAccountEmail":null,"vpc":null,"platform":"gcfv2","labels":{},"eventTrigger":{"eventType":"google.cloud.firestore.document.v1.created","eventFilters":{"database":"(default)","namespace":"(default)"},"eventFilterPathPatterns":{"document":"products/{productId}"},"retry":false},"entryPoint":"sendNewProductEmail"},"sendSaleEmail":{"availableMemoryMb":null,"timeoutSeconds":null,"minInstances":null,"maxInstances":null,"ingressSettings":null,"concurrency":null,"serviceAccountEmail":null,"vpc":null,"platform":"gcfv2","labels":{},"eventTrigger":{"eventType":"google.cloud.firestore.document.v1.updated","eventFilters":{"database":"(default)","namespace":"(default)"},"eventFilterPathPatterns":{"document":"products/{productId}"},"retry":false},"entryPoint":"sendSaleEmail"},"sendWeeklyPromoEmail":{"availableMemoryMb":null,"timeoutSeconds":null,"minInstances":null,"maxInstances":null,"ingressSettings":null,"concurrency":null,"serviceAccountEmail":null,"vpc":null,"platform":"gcfv2","region":["us-central1"],"labels":{},"scheduleTrigger":{"schedule":"0 10 * * 1","retryConfig":{},"timeZone":"Asia/Karachi"},"entryPoint":"sendWeeklyPromoEmail"},"notifyCustomerOnPaymentConfirmed":{"availableMemoryMb":null,"timeoutSeconds":null,"minInstances":null,"maxInstances":null,"ingressSettings":null,"concurrency":null,"serviceAccountEmail":null,"vpc":null,"platform":"gcfv2","labels":{},"eventTrigger":{"eventType":"google.cloud.firestore.document.v1.updated","eventFilters":{"database":"(default)","namespace":"(default)"},"eventFilterPathPatterns":{"document":"orders/{orderId}"},"retry":false},"entryPoint":"notifyCustomerOnPaymentConfirmed"}},"specVersion":"v1alpha1","requiredAPIs":[{"api":"cloudscheduler.googleapis.com","reason":"Needed for scheduled functions."}]}
[info] i  functions: Loaded environment variables from .env. 
[info] i  functions: preparing functions directory for uploading... 
[info] i  functions: packaged D:\new web\website\functions (44.79 KB) for uploading 
[debug] [2026-04-20T06:22:43.031Z] Checked if tokens are valid: true, expires at: 1776667754484
[debug] [2026-04-20T06:22:43.031Z] Checked if tokens are valid: true, expires at: 1776667754484
[debug] [2026-04-20T06:22:43.032Z] >>> [apiv2][query] GET https://cloudfunctions.googleapis.com/v1/projects/waleed-6d2b1/locations/-/functions [none]
[debug] [2026-04-20T06:22:44.072Z] <<< [apiv2][status] GET https://cloudfunctions.googleapis.com/v1/projects/waleed-6d2b1/locations/-/functions 200
[debug] [2026-04-20T06:22:44.073Z] <<< [apiv2][body] GET https://cloudfunctions.googleapis.com/v1/projects/waleed-6d2b1/locations/-/functions {}
[debug] [2026-04-20T06:22:44.074Z] Checked if tokens are valid: true, expires at: 1776667754484
[debug] [2026-04-20T06:22:44.074Z] Checked if tokens are valid: true, expires at: 1776667754484
[debug] [2026-04-20T06:22:44.075Z] >>> [apiv2][query] GET https://cloudfunctions.googleapis.com/v2/projects/waleed-6d2b1/locations/-/functions filter=environment%3D%22GEN_2%22
[debug] [2026-04-20T06:22:45.158Z] <<< [apiv2][status] GET https://cloudfunctions.googleapis.com/v2/projects/waleed-6d2b1/locations/-/functions 200
[debug] [2026-04-20T06:22:45.159Z] <<< [apiv2][body] GET https://cloudfunctions.googleapis.com/v2/projects/waleed-6d2b1/locations/-/functions {"functions":[{"name":"projects/waleed-6d2b1/locations/us-central1/functions/sendWeeklyPromoEmail","buildConfig":{"build":"projects/41201313634/locations/us-central1/builds/ea7ab16c-d1f2-45a5-a310-79c1d8610c2c","runtime":"nodejs20","entryPoint":"sendWeeklyPromoEmail","source":{"storageSource":{"bucket":"gcf-v2-sources-41201313634-us-central1","object":"sendWeeklyPromoEmail/function-source.zip","generation":"1776664633180369"}},"environmentVariables":{"GOOGLE_NODE_RUN_SCRIPTS":""},"dockerRepository":"projects/waleed-6d2b1/locations/us-central1/repositories/gcf-artifacts","sourceProvenance":{"resolvedStorageSource":{"bucket":"gcf-v2-sources-41201313634-us-central1","object":"sendWeeklyPromoEmail/function-source.zip","generation":"1776664633180369"}},"dockerRegistry":"ARTIFACT_REGISTRY","serviceAccount":"projects/waleed-6d2b1/serviceAccounts/41201313634-compute@developer.gserviceaccount.com","automaticUpdatePolicy":{}},"serviceConfig":{"service":"projects/waleed-6d2b1/locations/us-central1/services/sendweeklypromoemail","timeoutSeconds":60,"environmentVariables":{"RESEND_API_KEY":"re_atfFPVKt_MnQqTyr7w9JR7GLQRABSmmYm","FROM_EMAIL":"PressPlay Nails <onboarding@resend.dev>","ADMIN_EMAIL":"workwithwaleed1@gmail.com","APP_URL":"https://i-waleedd.github.io/","FIREBASE_CONFIG":"{\"projectId\":\"waleed-6d2b1\",\"storageBucket\":\"waleed-6d2b1.firebasestorage.app\"}","GCLOUD_PROJECT":"waleed-6d2b1","EVENTARC_CLOUD_EVENT_SOURCE":"projects/waleed-6d2b1/locations/us-central1/services/sendWeeklyPromoEmail","FUNCTION_TARGET":"sendWeeklyPromoEmail","LOG_EXECUTION_ID":"true"},"ingressSettings":"ALLOW_ALL","uri":"https://sendweeklypromoemail-fz6ad6floa-uc.a.run.app","serviceAccountEmail":"41201313634-compute@developer.gserviceaccount.com","availableMemory":"256Mi","allTrafficOnLatestRevision":true,"revision":"sendweeklypromoemail-00001-nup","maxInstanceRequestConcurrency":80,"availableCpu":"1"},"state":"ACTIVE","updateTime":"2026-04-20T05:58:25.157764781Z","labels":{"deployment-tool":"cli-firebase","deployment-scheduled":"true","firebase-functions-hash":"c79b669699d7546866d56ca63f9e2dc3ed779b66"},"environment":"GEN_2","url":"https://us-central1-waleed-6d2b1.cloudfunctions.net/sendWeeklyPromoEmail","createTime":"2026-04-20T05:57:13.486631598Z","satisfiesPzi":true}]}
[debug] [2026-04-20T06:22:45.167Z] Checked if tokens are valid: true, expires at: 1776667754484
[debug] [2026-04-20T06:22:45.167Z] Checked if tokens are valid: true, expires at: 1776667754484
[debug] [2026-04-20T06:22:45.168Z] >>> [apiv2][query] GET https://firestore.googleapis.com/v1/projects/waleed-6d2b1/databases/(default) [none]
[debug] [2026-04-20T06:22:48.015Z] <<< [apiv2][status] GET https://firestore.googleapis.com/v1/projects/waleed-6d2b1/databases/(default) 200
[debug] [2026-04-20T06:22:48.015Z] <<< [apiv2][body] GET https://firestore.googleapis.com/v1/projects/waleed-6d2b1/databases/(default) {"name":"projects/waleed-6d2b1/databases/(default)","uid":"d87688fb-a7b6-4e10-8083-15b2f315d04e","createTime":"2026-01-02T19:49:53.381646Z","updateTime":"2026-01-02T19:49:53.381646Z","locationId":"nam5","type":"FIRESTORE_NATIVE","concurrencyMode":"PESSIMISTIC","versionRetentionPeriod":"3600s","earliestVersionTime":"2026-04-20T05:22:48.307097Z","appEngineIntegrationMode":"DISABLED","keyPrefix":"s","pointInTimeRecoveryEnablement":"POINT_IN_TIME_RECOVERY_DISABLED","deleteProtectionState":"DELETE_PROTECTION_DISABLED","databaseEdition":"STANDARD","freeTier":true,"realtimeUpdatesMode":"REALTIME_UPDATES_MODE_ENABLED","etag":"INLV4p7l+5MDMLjGtp2r5pID"}
[info] i  functions: ensuring required API cloudscheduler.googleapis.com is enabled... 
[info] i  functions: ensuring required API run.googleapis.com is enabled... 
[info] i  functions: ensuring required API eventarc.googleapis.com is enabled... 
[info] i  functions: ensuring required API pubsub.googleapis.com is enabled... 
[info] i  functions: ensuring required API storage.googleapis.com is enabled... 
[info] i  functions: generating the service identity for pubsub.googleapis.com... 
[debug] [2026-04-20T06:22:48.034Z] Checked if tokens are valid: true, expires at: 1776667754484
[debug] [2026-04-20T06:22:48.034Z] Checked if tokens are valid: true, expires at: 1776667754484
[info] i  functions: generating the service identity for eventarc.googleapis.com... 
[debug] [2026-04-20T06:22:48.035Z] Checked if tokens are valid: true, expires at: 1776667754484
[debug] [2026-04-20T06:22:48.035Z] Checked if tokens are valid: true, expires at: 1776667754484
[debug] [2026-04-20T06:22:48.036Z] >>> [apiv2][query] POST https://serviceusage.googleapis.com/v1beta1/projects/41201313634/services/pubsub.googleapis.com:generateServiceIdentity [none]
[debug] [2026-04-20T06:22:48.036Z] >>> [apiv2][(partial)header] POST https://serviceusage.googleapis.com/v1beta1/projects/41201313634/services/pubsub.googleapis.com:generateServiceIdentity  x-goog-user-project=41201313634
[debug] [2026-04-20T06:22:48.037Z] >>> [apiv2][body] POST https://serviceusage.googleapis.com/v1beta1/projects/41201313634/services/pubsub.googleapis.com:generateServiceIdentity {}
[debug] [2026-04-20T06:22:48.045Z] >>> [apiv2][query] POST https://serviceusage.googleapis.com/v1beta1/projects/41201313634/services/eventarc.googleapis.com:generateServiceIdentity [none]
[debug] [2026-04-20T06:22:48.046Z] >>> [apiv2][(partial)header] POST https://serviceusage.googleapis.com/v1beta1/projects/41201313634/services/eventarc.googleapis.com:generateServiceIdentity  x-goog-user-project=41201313634
[debug] [2026-04-20T06:22:48.046Z] >>> [apiv2][body] POST https://serviceusage.googleapis.com/v1beta1/projects/41201313634/services/eventarc.googleapis.com:generateServiceIdentity {}
[debug] [2026-04-20T06:22:49.857Z] <<< [apiv2][status] POST https://serviceusage.googleapis.com/v1beta1/projects/41201313634/services/pubsub.googleapis.com:generateServiceIdentity 200
[debug] [2026-04-20T06:22:49.858Z] <<< [apiv2][body] POST https://serviceusage.googleapis.com/v1beta1/projects/41201313634/services/pubsub.googleapis.com:generateServiceIdentity {"name":"operations/finished.DONE_OPERATION","done":true,"response":{"@type":"type.googleapis.com/google.api.serviceusage.v1beta1.ServiceIdentity","email":"service-41201313634@gcp-sa-pubsub.iam.gserviceaccount.com","uniqueId":"112049921005836941616"}}
[debug] [2026-04-20T06:22:49.858Z] <<< [apiv2][status] POST https://serviceusage.googleapis.com/v1beta1/projects/41201313634/services/eventarc.googleapis.com:generateServiceIdentity 200
[debug] [2026-04-20T06:22:49.859Z] <<< [apiv2][body] POST https://serviceusage.googleapis.com/v1beta1/projects/41201313634/services/eventarc.googleapis.com:generateServiceIdentity {"name":"operations/finished.DONE_OPERATION","done":true,"response":{"@type":"type.googleapis.com/google.api.serviceusage.v1beta1.ServiceIdentity","email":"service-41201313634@gcp-sa-eventarc.iam.gserviceaccount.com","uniqueId":"118129218579720596949"}}
[debug] [2026-04-20T06:22:49.867Z] Checked if tokens are valid: true, expires at: 1776667754484
[debug] [2026-04-20T06:22:49.868Z] Checked if tokens are valid: true, expires at: 1776667754484
[debug] [2026-04-20T06:22:49.868Z] >>> [apiv2][query] GET https://compute.googleapis.com/compute/v1/projects/41201313634 [none]
[debug] [2026-04-20T06:22:50.527Z] <<< [apiv2][status] GET https://compute.googleapis.com/compute/v1/projects/41201313634 403
[debug] [2026-04-20T06:22:50.527Z] <<< [apiv2][body] GET https://compute.googleapis.com/compute/v1/projects/41201313634 {"error":{"code":403,"message":"Compute Engine API has not been used in project 41201313634 before or it is disabled. Enable it by visiting https://console.developers.google.com/apis/api/compute.googleapis.com/overview?project=41201313634 then retry. If you enabled this API recently, wait a few minutes for the action to propagate to our systems and retry.","errors":[{"message":"Compute Engine API has not been used in project 41201313634 before or it is disabled. Enable it by visiting https://console.developers.google.com/apis/api/compute.googleapis.com/overview?project=41201313634 then retry. If you enabled this API recently, wait a few minutes for the action to propagate to our systems and retry.","domain":"usageLimits","reason":"accessNotConfigured","extendedHelp":"https://console.developers.google.com"}],"status":"PERMISSION_DENIED","details":[{"@type":"type.googleapis.com/google.rpc.ErrorInfo","reason":"SERVICE_DISABLED","domain":"googleapis.com","metadata":{"serviceTitle":"Compute Engine API","consumer":"projects/41201313634","containerInfo":"41201313634","activationUrl":"https://console.developers.google.com/apis/api/compute.googleapis.com/overview?project=41201313634","service":"compute.googleapis.com"}},{"@type":"type.googleapis.com/google.rpc.LocalizedMessage","locale":"en-US","message":"Compute Engine API has not been used in project 41201313634 before or it is disabled. Enable it by visiting https://console.developers.google.com/apis/api/compute.googleapis.com/overview?project=41201313634 then retry. If you enabled this API recently, wait a few minutes for the action to propagate to our systems and retry."},{"@type":"type.googleapis.com/google.rpc.Help","links":[{"description":"Google developers console API activation","url":"https://console.developers.google.com/apis/api/compute.googleapis.com/overview?project=41201313634"}]}]}}
[debug] [2026-04-20T06:22:50.529Z] unable to look up default compute service account. Falling back to 41201313634-compute@developer.gserviceaccount.com. Error: {"name":"FirebaseError","children":[],"context":{"body":{"error":{"code":403,"message":"Compute Engine API has not been used in project 41201313634 before or it is disabled. Enable it by visiting https://console.developers.google.com/apis/api/compute.googleapis.com/overview?project=41201313634 then retry. If you enabled this API recently, wait a few minutes for the action to propagate to our systems and retry.","errors":[{"message":"Compute Engine API has not been used in project 41201313634 before or it is disabled. Enable it by visiting https://console.developers.google.com/apis/api/compute.googleapis.com/overview?project=41201313634 then retry. If you enabled this API recently, wait a few minutes for the action to propagate to our systems and retry.","domain":"usageLimits","reason":"accessNotConfigured","extendedHelp":"https://console.developers.google.com"}],"status":"PERMISSION_DENIED","details":[{"@type":"type.googleapis.com/google.rpc.ErrorInfo","reason":"SERVICE_DISABLED","domain":"googleapis.com","metadata":{"serviceTitle":"Compute Engine API","consumer":"projects/41201313634","containerInfo":"41201313634","activationUrl":"https://console.developers.google.com/apis/api/compute.googleapis.com/overview?project=41201313634","service":"compute.googleapis.com"}},{"@type":"type.googleapis.com/google.rpc.LocalizedMessage","locale":"en-US","message":"Compute Engine API has not been used in project 41201313634 before or it is disabled. Enable it by visiting https://console.developers.google.com/apis/api/compute.googleapis.com/overview?project=41201313634 then retry. If you enabled this API recently, wait a few minutes for the action to propagate to our systems and retry."},{"@type":"type.googleapis.com/google.rpc.Help","links":[{"description":"Google developers console API activation","url":"https://console.developers.google.com/apis/api/compute.googleapis.com/overview?project=41201313634"}]}]}},"response":{"statusCode":403}},"exit":1,"message":"Request to https://compute.googleapis.com/compute/v1/projects/41201313634 had HTTP Error: 403, Compute Engine API has not been used in project 41201313634 before or it is disabled. Enable it by visiting https://console.developers.google.com/apis/api/compute.googleapis.com/overview?project=41201313634 then retry. If you enabled this API recently, wait a few minutes for the action to propagate to our systems and retry.","status":403}
[debug] [2026-04-20T06:22:50.530Z] Checked if tokens are valid: true, expires at: 1776667754484
[debug] [2026-04-20T06:22:50.530Z] Checked if tokens are valid: true, expires at: 1776667754484
[debug] [2026-04-20T06:22:50.531Z] >>> [apiv2][query] POST https://cloudresourcemanager.googleapis.com/v1/projects/41201313634:getIamPolicy [none]
[debug] [2026-04-20T06:22:53.551Z] <<< [apiv2][status] POST https://cloudresourcemanager.googleapis.com/v1/projects/41201313634:getIamPolicy 200
[debug] [2026-04-20T06:22:53.551Z] <<< [apiv2][body] POST https://cloudresourcemanager.googleapis.com/v1/projects/41201313634:getIamPolicy {"version":1,"etag":"BwZP3fh4izg=","bindings":[{"role":"roles/artifactregistry.serviceAgent","members":["serviceAccount:service-41201313634@gcp-sa-artifactregistry.iam.gserviceaccount.com"]},{"role":"roles/cloudbuild.builds.builder","members":["serviceAccount:41201313634@cloudbuild.gserviceaccount.com"]},{"role":"roles/cloudbuild.serviceAgent","members":["serviceAccount:service-41201313634@gcp-sa-cloudbuild.iam.gserviceaccount.com"]},{"role":"roles/cloudfunctions.serviceAgent","members":["serviceAccount:service-41201313634@gcf-admin-robot.iam.gserviceaccount.com"]},{"role":"roles/cloudscheduler.serviceAgent","members":["serviceAccount:service-41201313634@gcp-sa-cloudscheduler.iam.gserviceaccount.com"]},{"role":"roles/containerregistry.ServiceAgent","members":["serviceAccount:service-41201313634@containerregistry.iam.gserviceaccount.com"]},{"role":"roles/editor","members":["serviceAccount:41201313634-compute@developer.gserviceaccount.com","serviceAccount:waleed-6d2b1@appspot.gserviceaccount.com"]},{"role":"roles/eventarc.eventReceiver","members":["serviceAccount:41201313634-compute@developer.gserviceaccount.com"]},{"role":"roles/eventarc.serviceAgent","members":["serviceAccount:service-41201313634@gcp-sa-eventarc.iam.gserviceaccount.com"]},{"role":"roles/firebase.managementServiceAgent","members":["serviceAccount:service-41201313634@gcp-sa-firebase.iam.gserviceaccount.com"]},{"role":"roles/firebase.sdkAdminServiceAgent","members":["serviceAccount:firebase-adminsdk-fbsvc@waleed-6d2b1.iam.gserviceaccount.com"]},{"role":"roles/firebaseauth.admin","members":["serviceAccount:firebase-adminsdk-fbsvc@waleed-6d2b1.iam.gserviceaccount.com"]},{"role":"roles/firebaserules.system","members":["serviceAccount:service-41201313634@firebase-rules.iam.gserviceaccount.com"]},{"role":"roles/firestore.serviceAgent","members":["serviceAccount:service-41201313634@gcp-sa-firestore.iam.gserviceaccount.com"]},{"role":"roles/iam.serviceAccountTokenCreator","members":["serviceAccount:firebase-adminsdk-fbsvc@waleed-6d2b1.iam.gserviceaccount.com","serviceAccount:service-41201313634@gcp-sa-pubsub.iam.gserviceaccount.com"]},{"role":"roles/owner","members":["user:workwithwaleed1@gmail.com"]},{"role":"roles/run.invoker","members":["serviceAccount:41201313634-compute@developer.gserviceaccount.com"]},{"role":"roles/run.serviceAgent","members":["serviceAccount:service-41201313634@serverless-robot-prod.iam.gserviceaccount.com"]}]}
[debug] [2026-04-20T06:22:53.553Z] Checked if tokens are valid: true, expires at: 1776667754484
[debug] [2026-04-20T06:22:53.553Z] Checked if tokens are valid: true, expires at: 1776667754484
[debug] [2026-04-20T06:22:53.554Z] >>> [apiv2][query] GET https://cloudresourcemanager.googleapis.com/v1/projects/waleed-6d2b1 [none]
[debug] [2026-04-20T06:22:54.012Z] <<< [apiv2][status] GET https://cloudresourcemanager.googleapis.com/v1/projects/waleed-6d2b1 200
[debug] [2026-04-20T06:22:54.012Z] <<< [apiv2][body] GET https://cloudresourcemanager.googleapis.com/v1/projects/waleed-6d2b1 {"projectNumber":"41201313634","projectId":"waleed-6d2b1","lifecycleState":"ACTIVE","name":"waleed","labels":{"firebase":"enabled","firebase-core":"disabled"},"createTime":"2026-01-02T18:47:28.758549Z"}
[debug] [2026-04-20T06:22:54.013Z] Checked if tokens are valid: true, expires at: 1776667754484
[debug] [2026-04-20T06:22:54.013Z] Checked if tokens are valid: true, expires at: 1776667754484
[debug] [2026-04-20T06:22:54.013Z] >>> [apiv2][query] GET https://compute.googleapis.com/compute/v1/projects/41201313634 [none]
[debug] [2026-04-20T06:22:54.360Z] <<< [apiv2][status] GET https://compute.googleapis.com/compute/v1/projects/41201313634 403
[debug] [2026-04-20T06:22:54.360Z] <<< [apiv2][body] GET https://compute.googleapis.com/compute/v1/projects/41201313634 {"error":{"code":403,"message":"Compute Engine API has not been used in project 41201313634 before or it is disabled. Enable it by visiting https://console.developers.google.com/apis/api/compute.googleapis.com/overview?project=41201313634 then retry. If you enabled this API recently, wait a few minutes for the action to propagate to our systems and retry.","errors":[{"message":"Compute Engine API has not been used in project 41201313634 before or it is disabled. Enable it by visiting https://console.developers.google.com/apis/api/compute.googleapis.com/overview?project=41201313634 then retry. If you enabled this API recently, wait a few minutes for the action to propagate to our systems and retry.","domain":"usageLimits","reason":"accessNotConfigured","extendedHelp":"https://console.developers.google.com"}],"status":"PERMISSION_DENIED","details":[{"@type":"type.googleapis.com/google.rpc.ErrorInfo","reason":"SERVICE_DISABLED","domain":"googleapis.com","metadata":{"activationUrl":"https://console.developers.google.com/apis/api/compute.googleapis.com/overview?project=41201313634","service":"compute.googleapis.com","serviceTitle":"Compute Engine API","containerInfo":"41201313634","consumer":"projects/41201313634"}},{"@type":"type.googleapis.com/google.rpc.LocalizedMessage","locale":"en-US","message":"Compute Engine API has not been used in project 41201313634 before or it is disabled. Enable it by visiting https://console.developers.google.com/apis/api/compute.googleapis.com/overview?project=41201313634 then retry. If you enabled this API recently, wait a few minutes for the action to propagate to our systems and retry."},{"@type":"type.googleapis.com/google.rpc.Help","links":[{"description":"Google developers console API activation","url":"https://console.developers.google.com/apis/api/compute.googleapis.com/overview?project=41201313634"}]}]}}
[debug] [2026-04-20T06:22:54.361Z] unable to look up default compute service account. Falling back to 41201313634-compute@developer.gserviceaccount.com. Error: {"name":"FirebaseError","children":[],"context":{"body":{"error":{"code":403,"message":"Compute Engine API has not been used in project 41201313634 before or it is disabled. Enable it by visiting https://console.developers.google.com/apis/api/compute.googleapis.com/overview?project=41201313634 then retry. If you enabled this API recently, wait a few minutes for the action to propagate to our systems and retry.","errors":[{"message":"Compute Engine API has not been used in project 41201313634 before or it is disabled. Enable it by visiting https://console.developers.google.com/apis/api/compute.googleapis.com/overview?project=41201313634 then retry. If you enabled this API recently, wait a few minutes for the action to propagate to our systems and retry.","domain":"usageLimits","reason":"accessNotConfigured","extendedHelp":"https://console.developers.google.com"}],"status":"PERMISSION_DENIED","details":[{"@type":"type.googleapis.com/google.rpc.ErrorInfo","reason":"SERVICE_DISABLED","domain":"googleapis.com","metadata":{"activationUrl":"https://console.developers.google.com/apis/api/compute.googleapis.com/overview?project=41201313634","service":"compute.googleapis.com","serviceTitle":"Compute Engine API","containerInfo":"41201313634","consumer":"projects/41201313634"}},{"@type":"type.googleapis.com/google.rpc.LocalizedMessage","locale":"en-US","message":"Compute Engine API has not been used in project 41201313634 before or it is disabled. Enable it by visiting https://console.developers.google.com/apis/api/compute.googleapis.com/overview?project=41201313634 then retry. If you enabled this API recently, wait a few minutes for the action to propagate to our systems and retry."},{"@type":"type.googleapis.com/google.rpc.Help","links":[{"description":"Google developers console API activation","url":"https://console.developers.google.com/apis/api/compute.googleapis.com/overview?project=41201313634"}]}]}},"response":{"statusCode":403}},"exit":1,"message":"Request to https://compute.googleapis.com/compute/v1/projects/41201313634 had HTTP Error: 403, Compute Engine API has not been used in project 41201313634 before or it is disabled. Enable it by visiting https://console.developers.google.com/apis/api/compute.googleapis.com/overview?project=41201313634 then retry. If you enabled this API recently, wait a few minutes for the action to propagate to our systems and retry.","status":403}
[debug] [2026-04-20T06:22:54.361Z] Checked if tokens are valid: true, expires at: 1776667754484
[debug] [2026-04-20T06:22:54.361Z] Checked if tokens are valid: true, expires at: 1776667754484
[debug] [2026-04-20T06:22:54.362Z] >>> [apiv2][query] GET https://compute.googleapis.com/compute/v1/projects/41201313634 [none]
[debug] [2026-04-20T06:22:54.665Z] <<< [apiv2][status] GET https://compute.googleapis.com/compute/v1/projects/41201313634 403
[debug] [2026-04-20T06:22:54.666Z] <<< [apiv2][body] GET https://compute.googleapis.com/compute/v1/projects/41201313634 {"error":{"code":403,"message":"Compute Engine API has not been used in project 41201313634 before or it is disabled. Enable it by visiting https://console.developers.google.com/apis/api/compute.googleapis.com/overview?project=41201313634 then retry. If you enabled this API recently, wait a few minutes for the action to propagate to our systems and retry.","errors":[{"message":"Compute Engine API has not been used in project 41201313634 before or it is disabled. Enable it by visiting https://console.developers.google.com/apis/api/compute.googleapis.com/overview?project=41201313634 then retry. If you enabled this API recently, wait a few minutes for the action to propagate to our systems and retry.","domain":"usageLimits","reason":"accessNotConfigured","extendedHelp":"https://console.developers.google.com"}],"status":"PERMISSION_DENIED","details":[{"@type":"type.googleapis.com/google.rpc.ErrorInfo","reason":"SERVICE_DISABLED","domain":"googleapis.com","metadata":{"activationUrl":"https://console.developers.google.com/apis/api/compute.googleapis.com/overview?project=41201313634","consumer":"projects/41201313634","serviceTitle":"Compute Engine API","service":"compute.googleapis.com","containerInfo":"41201313634"}},{"@type":"type.googleapis.com/google.rpc.LocalizedMessage","locale":"en-US","message":"Compute Engine API has not been used in project 41201313634 before or it is disabled. Enable it by visiting https://console.developers.google.com/apis/api/compute.googleapis.com/overview?project=41201313634 then retry. If you enabled this API recently, wait a few minutes for the action to propagate to our systems and retry."},{"@type":"type.googleapis.com/google.rpc.Help","links":[{"description":"Google developers console API activation","url":"https://console.developers.google.com/apis/api/compute.googleapis.com/overview?project=41201313634"}]}]}}
[debug] [2026-04-20T06:22:54.667Z] unable to look up default compute service account. Falling back to 41201313634-compute@developer.gserviceaccount.com. Error: {"name":"FirebaseError","children":[],"context":{"body":{"error":{"code":403,"message":"Compute Engine API has not been used in project 41201313634 before or it is disabled. Enable it by visiting https://console.developers.google.com/apis/api/compute.googleapis.com/overview?project=41201313634 then retry. If you enabled this API recently, wait a few minutes for the action to propagate to our systems and retry.","errors":[{"message":"Compute Engine API has not been used in project 41201313634 before or it is disabled. Enable it by visiting https://console.developers.google.com/apis/api/compute.googleapis.com/overview?project=41201313634 then retry. If you enabled this API recently, wait a few minutes for the action to propagate to our systems and retry.","domain":"usageLimits","reason":"accessNotConfigured","extendedHelp":"https://console.developers.google.com"}],"status":"PERMISSION_DENIED","details":[{"@type":"type.googleapis.com/google.rpc.ErrorInfo","reason":"SERVICE_DISABLED","domain":"googleapis.com","metadata":{"activationUrl":"https://console.developers.google.com/apis/api/compute.googleapis.com/overview?project=41201313634","consumer":"projects/41201313634","serviceTitle":"Compute Engine API","service":"compute.googleapis.com","containerInfo":"41201313634"}},{"@type":"type.googleapis.com/google.rpc.LocalizedMessage","locale":"en-US","message":"Compute Engine API has not been used in project 41201313634 before or it is disabled. Enable it by visiting https://console.developers.google.com/apis/api/compute.googleapis.com/overview?project=41201313634 then retry. If you enabled this API recently, wait a few minutes for the action to propagate to our systems and retry."},{"@type":"type.googleapis.com/google.rpc.Help","links":[{"description":"Google developers console API activation","url":"https://console.developers.google.com/apis/api/compute.googleapis.com/overview?project=41201313634"}]}]}},"response":{"statusCode":403}},"exit":1,"message":"Request to https://compute.googleapis.com/compute/v1/projects/41201313634 had HTTP Error: 403, Compute Engine API has not been used in project 41201313634 before or it is disabled. Enable it by visiting https://console.developers.google.com/apis/api/compute.googleapis.com/overview?project=41201313634 then retry. If you enabled this API recently, wait a few minutes for the action to propagate to our systems and retry.","status":403}
[debug] [2026-04-20T06:22:54.668Z] Checked if tokens are valid: true, expires at: 1776667754484
[debug] [2026-04-20T06:22:54.668Z] Checked if tokens are valid: true, expires at: 1776667754484
[debug] [2026-04-20T06:22:54.669Z] >>> [apiv2][query] GET https://compute.googleapis.com/compute/v1/projects/41201313634 [none]
[debug] [2026-04-20T06:22:54.960Z] <<< [apiv2][status] GET https://compute.googleapis.com/compute/v1/projects/41201313634 403
[debug] [2026-04-20T06:22:54.961Z] <<< [apiv2][body] GET https://compute.googleapis.com/compute/v1/projects/41201313634 {"error":{"code":403,"message":"Compute Engine API has not been used in project 41201313634 before or it is disabled. Enable it by visiting https://console.developers.google.com/apis/api/compute.googleapis.com/overview?project=41201313634 then retry. If you enabled this API recently, wait a few minutes for the action to propagate to our systems and retry.","errors":[{"message":"Compute Engine API has not been used in project 41201313634 before or it is disabled. Enable it by visiting https://console.developers.google.com/apis/api/compute.googleapis.com/overview?project=41201313634 then retry. If you enabled this API recently, wait a few minutes for the action to propagate to our systems and retry.","domain":"usageLimits","reason":"accessNotConfigured","extendedHelp":"https://console.developers.google.com"}],"status":"PERMISSION_DENIED","details":[{"@type":"type.googleapis.com/google.rpc.ErrorInfo","reason":"SERVICE_DISABLED","domain":"googleapis.com","metadata":{"service":"compute.googleapis.com","consumer":"projects/41201313634","containerInfo":"41201313634","activationUrl":"https://console.developers.google.com/apis/api/compute.googleapis.com/overview?project=41201313634","serviceTitle":"Compute Engine API"}},{"@type":"type.googleapis.com/google.rpc.LocalizedMessage","locale":"en-US","message":"Compute Engine API has not been used in project 41201313634 before or it is disabled. Enable it by visiting https://console.developers.google.com/apis/api/compute.googleapis.com/overview?project=41201313634 then retry. If you enabled this API recently, wait a few minutes for the action to propagate to our systems and retry."},{"@type":"type.googleapis.com/google.rpc.Help","links":[{"description":"Google developers console API activation","url":"https://console.developers.google.com/apis/api/compute.googleapis.com/overview?project=41201313634"}]}]}}
[debug] [2026-04-20T06:22:54.961Z] unable to look up default compute service account. Falling back to 41201313634-compute@developer.gserviceaccount.com. Error: {"name":"FirebaseError","children":[],"context":{"body":{"error":{"code":403,"message":"Compute Engine API has not been used in project 41201313634 before or it is disabled. Enable it by visiting https://console.developers.google.com/apis/api/compute.googleapis.com/overview?project=41201313634 then retry. If you enabled this API recently, wait a few minutes for the action to propagate to our systems and retry.","errors":[{"message":"Compute Engine API has not been used in project 41201313634 before or it is disabled. Enable it by visiting https://console.developers.google.com/apis/api/compute.googleapis.com/overview?project=41201313634 then retry. If you enabled this API recently, wait a few minutes for the action to propagate to our systems and retry.","domain":"usageLimits","reason":"accessNotConfigured","extendedHelp":"https://console.developers.google.com"}],"status":"PERMISSION_DENIED","details":[{"@type":"type.googleapis.com/google.rpc.ErrorInfo","reason":"SERVICE_DISABLED","domain":"googleapis.com","metadata":{"service":"compute.googleapis.com","consumer":"projects/41201313634","containerInfo":"41201313634","activationUrl":"https://console.developers.google.com/apis/api/compute.googleapis.com/overview?project=41201313634","serviceTitle":"Compute Engine API"}},{"@type":"type.googleapis.com/google.rpc.LocalizedMessage","locale":"en-US","message":"Compute Engine API has not been used in project 41201313634 before or it is disabled. Enable it by visiting https://console.developers.google.com/apis/api/compute.googleapis.com/overview?project=41201313634 then retry. If you enabled this API recently, wait a few minutes for the action to propagate to our systems and retry."},{"@type":"type.googleapis.com/google.rpc.Help","links":[{"description":"Google developers console API activation","url":"https://console.developers.google.com/apis/api/compute.googleapis.com/overview?project=41201313634"}]}]}},"response":{"statusCode":403}},"exit":1,"message":"Request to https://compute.googleapis.com/compute/v1/projects/41201313634 had HTTP Error: 403, Compute Engine API has not been used in project 41201313634 before or it is disabled. Enable it by visiting https://console.developers.google.com/apis/api/compute.googleapis.com/overview?project=41201313634 then retry. If you enabled this API recently, wait a few minutes for the action to propagate to our systems and retry.","status":403}
[debug] [2026-04-20T06:22:54.961Z] Checked if tokens are valid: true, expires at: 1776667754484
[debug] [2026-04-20T06:22:54.961Z] Checked if tokens are valid: true, expires at: 1776667754484
[debug] [2026-04-20T06:22:54.961Z] >>> [apiv2][query] GET https://compute.googleapis.com/compute/v1/projects/41201313634 [none]
[debug] [2026-04-20T06:22:55.387Z] <<< [apiv2][status] GET https://compute.googleapis.com/compute/v1/projects/41201313634 403
[debug] [2026-04-20T06:22:55.387Z] <<< [apiv2][body] GET https://compute.googleapis.com/compute/v1/projects/41201313634 {"error":{"code":403,"message":"Compute Engine API has not been used in project 41201313634 before or it is disabled. Enable it by visiting https://console.developers.google.com/apis/api/compute.googleapis.com/overview?project=41201313634 then retry. If you enabled this API recently, wait a few minutes for the action to propagate to our systems and retry.","errors":[{"message":"Compute Engine API has not been used in project 41201313634 before or it is disabled. Enable it by visiting https://console.developers.google.com/apis/api/compute.googleapis.com/overview?project=41201313634 then retry. If you enabled this API recently, wait a few minutes for the action to propagate to our systems and retry.","domain":"usageLimits","reason":"accessNotConfigured","extendedHelp":"https://console.developers.google.com"}],"status":"PERMISSION_DENIED","details":[{"@type":"type.googleapis.com/google.rpc.ErrorInfo","reason":"SERVICE_DISABLED","domain":"googleapis.com","metadata":{"serviceTitle":"Compute Engine API","containerInfo":"41201313634","activationUrl":"https://console.developers.google.com/apis/api/compute.googleapis.com/overview?project=41201313634","service":"compute.googleapis.com","consumer":"projects/41201313634"}},{"@type":"type.googleapis.com/google.rpc.LocalizedMessage","locale":"en-US","message":"Compute Engine API has not been used in project 41201313634 before or it is disabled. Enable it by visiting https://console.developers.google.com/apis/api/compute.googleapis.com/overview?project=41201313634 then retry. If you enabled this API recently, wait a few minutes for the action to propagate to our systems and retry."},{"@type":"type.googleapis.com/google.rpc.Help","links":[{"description":"Google developers console API activation","url":"https://console.developers.google.com/apis/api/compute.googleapis.com/overview?project=41201313634"}]}]}}
[debug] [2026-04-20T06:22:55.387Z] unable to look up default compute service account. Falling back to 41201313634-compute@developer.gserviceaccount.com. Error: {"name":"FirebaseError","children":[],"context":{"body":{"error":{"code":403,"message":"Compute Engine API has not been used in project 41201313634 before or it is disabled. Enable it by visiting https://console.developers.google.com/apis/api/compute.googleapis.com/overview?project=41201313634 then retry. If you enabled this API recently, wait a few minutes for the action to propagate to our systems and retry.","errors":[{"message":"Compute Engine API has not been used in project 41201313634 before or it is disabled. Enable it by visiting https://console.developers.google.com/apis/api/compute.googleapis.com/overview?project=41201313634 then retry. If you enabled this API recently, wait a few minutes for the action to propagate to our systems and retry.","domain":"usageLimits","reason":"accessNotConfigured","extendedHelp":"https://console.developers.google.com"}],"status":"PERMISSION_DENIED","details":[{"@type":"type.googleapis.com/google.rpc.ErrorInfo","reason":"SERVICE_DISABLED","domain":"googleapis.com","metadata":{"serviceTitle":"Compute Engine API","containerInfo":"41201313634","activationUrl":"https://console.developers.google.com/apis/api/compute.googleapis.com/overview?project=41201313634","service":"compute.googleapis.com","consumer":"projects/41201313634"}},{"@type":"type.googleapis.com/google.rpc.LocalizedMessage","locale":"en-US","message":"Compute Engine API has not been used in project 41201313634 before or it is disabled. Enable it by visiting https://console.developers.google.com/apis/api/compute.googleapis.com/overview?project=41201313634 then retry. If you enabled this API recently, wait a few minutes for the action to propagate to our systems and retry."},{"@type":"type.googleapis.com/google.rpc.Help","links":[{"description":"Google developers console API activation","url":"https://console.developers.google.com/apis/api/compute.googleapis.com/overview?project=41201313634"}]}]}},"response":{"statusCode":403}},"exit":1,"message":"Request to https://compute.googleapis.com/compute/v1/projects/41201313634 had HTTP Error: 403, Compute Engine API has not been used in project 41201313634 before or it is disabled. Enable it by visiting https://console.developers.google.com/apis/api/compute.googleapis.com/overview?project=41201313634 then retry. If you enabled this API recently, wait a few minutes for the action to propagate to our systems and retry.","status":403}
[debug] [2026-04-20T06:22:55.388Z] Checked if tokens are valid: true, expires at: 1776667754484
[debug] [2026-04-20T06:22:55.388Z] Checked if tokens are valid: true, expires at: 1776667754484
[debug] [2026-04-20T06:22:55.388Z] >>> [apiv2][query] GET https://compute.googleapis.com/compute/v1/projects/41201313634 [none]
[debug] [2026-04-20T06:22:55.791Z] <<< [apiv2][status] GET https://compute.googleapis.com/compute/v1/projects/41201313634 403
[debug] [2026-04-20T06:22:55.791Z] <<< [apiv2][body] GET https://compute.googleapis.com/compute/v1/projects/41201313634 {"error":{"code":403,"message":"Compute Engine API has not been used in project 41201313634 before or it is disabled. Enable it by visiting https://console.developers.google.com/apis/api/compute.googleapis.com/overview?project=41201313634 then retry. If you enabled this API recently, wait a few minutes for the action to propagate to our systems and retry.","errors":[{"message":"Compute Engine API has not been used in project 41201313634 before or it is disabled. Enable it by visiting https://console.developers.google.com/apis/api/compute.googleapis.com/overview?project=41201313634 then retry. If you enabled this API recently, wait a few minutes for the action to propagate to our systems and retry.","domain":"usageLimits","reason":"accessNotConfigured","extendedHelp":"https://console.developers.google.com"}],"status":"PERMISSION_DENIED","details":[{"@type":"type.googleapis.com/google.rpc.ErrorInfo","reason":"SERVICE_DISABLED","domain":"googleapis.com","metadata":{"service":"compute.googleapis.com","serviceTitle":"Compute Engine API","consumer":"projects/41201313634","activationUrl":"https://console.developers.google.com/apis/api/compute.googleapis.com/overview?project=41201313634","containerInfo":"41201313634"}},{"@type":"type.googleapis.com/google.rpc.LocalizedMessage","locale":"en-US","message":"Compute Engine API has not been used in project 41201313634 before or it is disabled. Enable it by visiting https://console.developers.google.com/apis/api/compute.googleapis.com/overview?project=41201313634 then retry. If you enabled this API recently, wait a few minutes for the action to propagate to our systems and retry."},{"@type":"type.googleapis.com/google.rpc.Help","links":[{"description":"Google developers console API activation","url":"https://console.developers.google.com/apis/api/compute.googleapis.com/overview?project=41201313634"}]}]}}
[debug] [2026-04-20T06:22:55.792Z] unable to look up default compute service account. Falling back to 41201313634-compute@developer.gserviceaccount.com. Error: {"name":"FirebaseError","children":[],"context":{"body":{"error":{"code":403,"message":"Compute Engine API has not been used in project 41201313634 before or it is disabled. Enable it by visiting https://console.developers.google.com/apis/api/compute.googleapis.com/overview?project=41201313634 then retry. If you enabled this API recently, wait a few minutes for the action to propagate to our systems and retry.","errors":[{"message":"Compute Engine API has not been used in project 41201313634 before or it is disabled. Enable it by visiting https://console.developers.google.com/apis/api/compute.googleapis.com/overview?project=41201313634 then retry. If you enabled this API recently, wait a few minutes for the action to propagate to our systems and retry.","domain":"usageLimits","reason":"accessNotConfigured","extendedHelp":"https://console.developers.google.com"}],"status":"PERMISSION_DENIED","details":[{"@type":"type.googleapis.com/google.rpc.ErrorInfo","reason":"SERVICE_DISABLED","domain":"googleapis.com","metadata":{"service":"compute.googleapis.com","serviceTitle":"Compute Engine API","consumer":"projects/41201313634","activationUrl":"https://console.developers.google.com/apis/api/compute.googleapis.com/overview?project=41201313634","containerInfo":"41201313634"}},{"@type":"type.googleapis.com/google.rpc.LocalizedMessage","locale":"en-US","message":"Compute Engine API has not been used in project 41201313634 before or it is disabled. Enable it by visiting https://console.developers.google.com/apis/api/compute.googleapis.com/overview?project=41201313634 then retry. If you enabled this API recently, wait a few minutes for the action to propagate to our systems and retry."},{"@type":"type.googleapis.com/google.rpc.Help","links":[{"description":"Google developers console API activation","url":"https://console.developers.google.com/apis/api/compute.googleapis.com/overview?project=41201313634"}]}]}},"response":{"statusCode":403}},"exit":1,"message":"Request to https://compute.googleapis.com/compute/v1/projects/41201313634 had HTTP Error: 403, Compute Engine API has not been used in project 41201313634 before or it is disabled. Enable it by visiting https://console.developers.google.com/apis/api/compute.googleapis.com/overview?project=41201313634 then retry. If you enabled this API recently, wait a few minutes for the action to propagate to our systems and retry.","status":403}
[debug] [2026-04-20T06:22:55.792Z] Checked if tokens are valid: true, expires at: 1776667754484
[debug] [2026-04-20T06:22:55.792Z] Checked if tokens are valid: true, expires at: 1776667754484
[debug] [2026-04-20T06:22:55.792Z] >>> [apiv2][query] GET https://compute.googleapis.com/compute/v1/projects/41201313634 [none]
[debug] [2026-04-20T06:22:56.180Z] <<< [apiv2][status] GET https://compute.googleapis.com/compute/v1/projects/41201313634 403
[debug] [2026-04-20T06:22:56.180Z] <<< [apiv2][body] GET https://compute.googleapis.com/compute/v1/projects/41201313634 {"error":{"code":403,"message":"Compute Engine API has not been used in project 41201313634 before or it is disabled. Enable it by visiting https://console.developers.google.com/apis/api/compute.googleapis.com/overview?project=41201313634 then retry. If you enabled this API recently, wait a few minutes for the action to propagate to our systems and retry.","errors":[{"message":"Compute Engine API has not been used in project 41201313634 before or it is disabled. Enable it by visiting https://console.developers.google.com/apis/api/compute.googleapis.com/overview?project=41201313634 then retry. If you enabled this API recently, wait a few minutes for the action to propagate to our systems and retry.","domain":"usageLimits","reason":"accessNotConfigured","extendedHelp":"https://console.developers.google.com"}],"status":"PERMISSION_DENIED","details":[{"@type":"type.googleapis.com/google.rpc.ErrorInfo","reason":"SERVICE_DISABLED","domain":"googleapis.com","metadata":{"activationUrl":"https://console.developers.google.com/apis/api/compute.googleapis.com/overview?project=41201313634","containerInfo":"41201313634","service":"compute.googleapis.com","consumer":"projects/41201313634","serviceTitle":"Compute Engine API"}},{"@type":"type.googleapis.com/google.rpc.LocalizedMessage","locale":"en-US","message":"Compute Engine API has not been used in project 41201313634 before or it is disabled. Enable it by visiting https://console.developers.google.com/apis/api/compute.googleapis.com/overview?project=41201313634 then retry. If you enabled this API recently, wait a few minutes for the action to propagate to our systems and retry."},{"@type":"type.googleapis.com/google.rpc.Help","links":[{"description":"Google developers console API activation","url":"https://console.developers.google.com/apis/api/compute.googleapis.com/overview?project=41201313634"}]}]}}
[debug] [2026-04-20T06:22:56.180Z] unable to look up default compute service account. Falling back to 41201313634-compute@developer.gserviceaccount.com. Error: {"name":"FirebaseError","children":[],"context":{"body":{"error":{"code":403,"message":"Compute Engine API has not been used in project 41201313634 before or it is disabled. Enable it by visiting https://console.developers.google.com/apis/api/compute.googleapis.com/overview?project=41201313634 then retry. If you enabled this API recently, wait a few minutes for the action to propagate to our systems and retry.","errors":[{"message":"Compute Engine API has not been used in project 41201313634 before or it is disabled. Enable it by visiting https://console.developers.google.com/apis/api/compute.googleapis.com/overview?project=41201313634 then retry. If you enabled this API recently, wait a few minutes for the action to propagate to our systems and retry.","domain":"usageLimits","reason":"accessNotConfigured","extendedHelp":"https://console.developers.google.com"}],"status":"PERMISSION_DENIED","details":[{"@type":"type.googleapis.com/google.rpc.ErrorInfo","reason":"SERVICE_DISABLED","domain":"googleapis.com","metadata":{"activationUrl":"https://console.developers.google.com/apis/api/compute.googleapis.com/overview?project=41201313634","containerInfo":"41201313634","service":"compute.googleapis.com","consumer":"projects/41201313634","serviceTitle":"Compute Engine API"}},{"@type":"type.googleapis.com/google.rpc.LocalizedMessage","locale":"en-US","message":"Compute Engine API has not been used in project 41201313634 before or it is disabled. Enable it by visiting https://console.developers.google.com/apis/api/compute.googleapis.com/overview?project=41201313634 then retry. If you enabled this API recently, wait a few minutes for the action to propagate to our systems and retry."},{"@type":"type.googleapis.com/google.rpc.Help","links":[{"description":"Google developers console API activation","url":"https://console.developers.google.com/apis/api/compute.googleapis.com/overview?project=41201313634"}]}]}},"response":{"statusCode":403}},"exit":1,"message":"Request to https://compute.googleapis.com/compute/v1/projects/41201313634 had HTTP Error: 403, Compute Engine API has not been used in project 41201313634 before or it is disabled. Enable it by visiting https://console.developers.google.com/apis/api/compute.googleapis.com/overview?project=41201313634 then retry. If you enabled this API recently, wait a few minutes for the action to propagate to our systems and retry.","status":403}
[debug] [2026-04-20T06:22:56.183Z] Checked if tokens are valid: true, expires at: 1776667754484
[debug] [2026-04-20T06:22:56.184Z] Checked if tokens are valid: true, expires at: 1776667754484
[debug] [2026-04-20T06:22:56.184Z] >>> [apiv2][query] POST https://cloudfunctions.googleapis.com/v2/projects/waleed-6d2b1/locations/us-central1/functions:generateUploadUrl [none]
[debug] [2026-04-20T06:22:57.279Z] <<< [apiv2][status] POST https://cloudfunctions.googleapis.com/v2/projects/waleed-6d2b1/locations/us-central1/functions:generateUploadUrl 200
[debug] [2026-04-20T06:22:57.280Z] <<< [apiv2][body] POST https://cloudfunctions.googleapis.com/v2/projects/waleed-6d2b1/locations/us-central1/functions:generateUploadUrl {"uploadUrl":"https://storage.googleapis.com/gcf-v2-uploads-41201313634.us-central1.cloudfunctions.appspot.com/1a03e4e9-c181-48fa-8d18-739758ad44a8.zip?GoogleAccessId=service-41201313634@gcf-admin-robot.iam.gserviceaccount.com&Expires=1776667977&Signature=kZTujURt8G4Lh3mkZyKjMYCatnT5NnRM8LIxdHlIMyXbsJEMACvAGEMoyW0b20QfV%2B5%2FE5zZ4FkTyqdKBb4Swq0A%2FckMcCFIFSOM8J8OPS6ilVn33MQBLxt%2BaTTVleWdgtWz67i7iaKueSX7%2B%2Bc20w5q%2Blu8m5w0mJ%2FRtb6ImKHJU2IuAUmh9%2BqF%2FK%2B2bgn2bBT1wv%2BMdcU9mqvfzRnxwyHjWz4iO3exUi6r4aTRDoLIkFTNYn1WGvkvg9AYANF3ASiePfmCw2PQohUxCcGRXLeqvRxpjbLhzPiLtgavzUm1xhcC8dKS9j%2F5uzCZ%2F3b52sWQajnKcPIe%2F8B3IsCp2Q%3D%3D","storageSource":{"bucket":"gcf-v2-uploads-41201313634.us-central1.cloudfunctions.appspot.com","object":"1a03e4e9-c181-48fa-8d18-739758ad44a8.zip"}}
[debug] [2026-04-20T06:22:57.282Z] >>> [apiv2][query] PUT https://storage.googleapis.com/gcf-v2-uploads-41201313634.us-central1.cloudfunctions.appspot.com/1a03e4e9-c181-48fa-8d18-739758ad44a8.zip GoogleAccessId=service-41201313634%40gcf-admin-robot.iam.gserviceaccount.com&Expires=1776667977&Signature=kZTujURt8G4Lh3mkZyKjMYCatnT5NnRM8LIxdHlIMyXbsJEMACvAGEMoyW0b20QfV%2B5%2FE5zZ4FkTyqdKBb4Swq0A%2FckMcCFIFSOM8J8OPS6ilVn33MQBLxt%2BaTTVleWdgtWz67i7iaKueSX7%2B%2Bc20w5q%2Blu8m5w0mJ%2FRtb6ImKHJU2IuAUmh9%2BqF%2FK%2B2bgn2bBT1wv%2BMdcU9mqvfzRnxwyHjWz4iO3exUi6r4aTRDoLIkFTNYn1WGvkvg9AYANF3ASiePfmCw2PQohUxCcGRXLeqvRxpjbLhzPiLtgavzUm1xhcC8dKS9j%2F5uzCZ%2F3b52sWQajnKcPIe%2F8B3IsCp2Q%3D%3D
[debug] [2026-04-20T06:22:57.283Z] >>> [apiv2][body] PUT https://storage.googleapis.com/gcf-v2-uploads-41201313634.us-central1.cloudfunctions.appspot.com/1a03e4e9-c181-48fa-8d18-739758ad44a8.zip [stream]
[debug] [2026-04-20T06:23:01.417Z] <<< [apiv2][status] PUT https://storage.googleapis.com/gcf-v2-uploads-41201313634.us-central1.cloudfunctions.appspot.com/1a03e4e9-c181-48fa-8d18-739758ad44a8.zip 200
[debug] [2026-04-20T06:23:01.417Z] <<< [apiv2][body] PUT https://storage.googleapis.com/gcf-v2-uploads-41201313634.us-central1.cloudfunctions.appspot.com/1a03e4e9-c181-48fa-8d18-739758ad44a8.zip [omitted]
[info] +  functions: functions source uploaded successfully 
[info] i  functions: Skipping the deploy of unchanged functions. 
[info] i  functions: creating Node.js 20 (2nd Gen) function autoSubscribeBuyerOnOrder(us-central1)... 
[info] i  functions: creating Node.js 20 (2nd Gen) function sendManualPaymentAdminAlert(us-central1)... 
[info] i  functions: creating Node.js 20 (2nd Gen) function sendNewProductEmail(us-central1)... 
[info] i  functions: creating Node.js 20 (2nd Gen) function sendSaleEmail(us-central1)... 
[info] i  functions: creating Node.js 20 (2nd Gen) function notifyCustomerOnPaymentConfirmed(us-central1)... 
[info] +  functions[sendWeeklyPromoEmail(us-central1)] Skipped (No changes detected) 
[debug] [2026-04-20T06:23:01.455Z] Checked if tokens are valid: true, expires at: 1776667754484
[debug] [2026-04-20T06:23:01.455Z] Checked if tokens are valid: true, expires at: 1776667754484
[debug] [2026-04-20T06:23:01.456Z] >>> [apiv2][query] POST https://cloudfunctions.googleapis.com/v2/projects/waleed-6d2b1/locations/us-central1/functions functionId=autoSubscribeBuyerOnOrder
[debug] [2026-04-20T06:23:01.456Z] >>> [apiv2][body] POST https://cloudfunctions.googleapis.com/v2/projects/waleed-6d2b1/locations/us-central1/functions {"name":"projects/waleed-6d2b1/locations/us-central1/functions/autoSubscribeBuyerOnOrder","buildConfig":{"runtime":"nodejs20","entryPoint":"autoSubscribeBuyerOnOrder","source":{"storageSource":{"bucket":"gcf-v2-uploads-41201313634.us-central1.cloudfunctions.appspot.com","object":"1a03e4e9-c181-48fa-8d18-739758ad44a8.zip"}},"environmentVariables":{"GOOGLE_NODE_RUN_SCRIPTS":""}},"serviceConfig":{"environmentVariables":{"RESEND_API_KEY":"re_atfFPVKt_MnQqTyr7w9JR7GLQRABSmmYm","FROM_EMAIL":"PressPlay Nails <onboarding@resend.dev>","ADMIN_EMAIL":"workwithwaleed1@gmail.com","APP_URL":"https://i-waleedd.github.io/","FIREBASE_CONFIG":"{\"projectId\":\"waleed-6d2b1\",\"storageBucket\":\"waleed-6d2b1.firebasestorage.app\"}","GCLOUD_PROJECT":"waleed-6d2b1","EVENTARC_CLOUD_EVENT_SOURCE":"projects/waleed-6d2b1/locations/us-central1/services/autoSubscribeBuyerOnOrder","FUNCTION_SIGNATURE_TYPE":"cloudevent","FUNCTION_TARGET":"autoSubscribeBuyerOnOrder","LOG_EXECUTION_ID":"true"},"ingressSettings":null,"timeoutSeconds":null,"serviceAccountEmail":null,"availableMemory":"256Mi","minInstanceCount":null,"maxInstanceCount":null,"maxInstanceRequestConcurrency":80,"availableCpu":"1","vpcConnector":null,"vpcConnectorEgressSettings":null,"directVpcNetworkInterface":null,"directVpcEgress":null},"labels":{"deployment-tool":"cli-firebase","firebase-functions-hash":"c79b669699d7546866d56ca63f9e2dc3ed779b66"},"eventTrigger":{"eventType":"google.cloud.firestore.document.v1.created","retryPolicy":"RETRY_POLICY_DO_NOT_RETRY","eventFilters":[{"attribute":"database","value":"(default)"},{"attribute":"namespace","value":"(default)"},{"attribute":"document","value":"orders/{orderId}","operator":"match-path-pattern"}],"triggerRegion":"nam5"}}
[debug] [2026-04-20T06:23:02.760Z] <<< [apiv2][status] POST https://cloudfunctions.googleapis.com/v2/projects/waleed-6d2b1/locations/us-central1/functions 200
[debug] [2026-04-20T06:23:02.761Z] <<< [apiv2][body] POST https://cloudfunctions.googleapis.com/v2/projects/waleed-6d2b1/locations/us-central1/functions {"name":"projects/waleed-6d2b1/locations/us-central1/operations/operation-1776666182321-64fde54ae8648-a03d19b7-07c999e6","metadata":{"@type":"type.googleapis.com/google.cloud.functions.v2.OperationMetadata","createTime":"2026-04-20T06:23:03.277005668Z","target":"projects/waleed-6d2b1/locations/us-central1/functions/autoSubscribeBuyerOnOrder","verb":"create","cancelRequested":false,"apiVersion":"v2"},"done":false}
[debug] [2026-04-20T06:23:02.764Z] Checked if tokens are valid: true, expires at: 1776667754484
[debug] [2026-04-20T06:23:02.764Z] Checked if tokens are valid: true, expires at: 1776667754484
[debug] [2026-04-20T06:23:02.765Z] >>> [apiv2][query] GET https://cloudfunctions.googleapis.com/v2/projects/waleed-6d2b1/locations/us-central1/operations/operation-1776666182321-64fde54ae8648-a03d19b7-07c999e6 [none]
[debug] [2026-04-20T06:23:03.166Z] <<< [apiv2][status] GET https://cloudfunctions.googleapis.com/v2/projects/waleed-6d2b1/locations/us-central1/operations/operation-1776666182321-64fde54ae8648-a03d19b7-07c999e6 200
[debug] [2026-04-20T06:23:03.166Z] <<< [apiv2][body] GET https://cloudfunctions.googleapis.com/v2/projects/waleed-6d2b1/locations/us-central1/operations/operation-1776666182321-64fde54ae8648-a03d19b7-07c999e6 {"name":"projects/waleed-6d2b1/locations/us-central1/operations/operation-1776666182321-64fde54ae8648-a03d19b7-07c999e6","metadata":{"@type":"type.googleapis.com/google.cloud.functions.v2.OperationMetadata","createTime":"2026-04-20T06:23:03.277005668Z","target":"projects/waleed-6d2b1/locations/us-central1/functions/autoSubscribeBuyerOnOrder","verb":"create","cancelRequested":false,"apiVersion":"v2","requestResource":{"@type":"type.googleapis.com/google.cloud.functions.v2.Function","name":"projects/waleed-6d2b1/locations/us-central1/functions/autoSubscribeBuyerOnOrder","buildConfig":{"runtime":"nodejs20","entryPoint":"autoSubscribeBuyerOnOrder","source":{"storageSource":{"bucket":"gcf-v2-sources-41201313634-us-central1","object":"autoSubscribeBuyerOnOrder/function-source.zip","generation":"1776666182556520"}},"environmentVariables":{"GOOGLE_NODE_RUN_SCRIPTS":""},"serviceAccount":"projects/waleed-6d2b1/serviceAccounts/41201313634-compute@developer.gserviceaccount.com","automaticUpdatePolicy":{}},"serviceConfig":{"service":"projects/waleed-6d2b1/locations/us-central1/services/autosubscribebuyeronorder","timeoutSeconds":60,"environmentVariables":{"RESEND_API_KEY":"re_atfFPVKt_MnQqTyr7w9JR7GLQRABSmmYm","FROM_EMAIL":"PressPlay Nails <onboarding@resend.dev>","ADMIN_EMAIL":"workwithwaleed1@gmail.com","APP_URL":"https://i-waleedd.github.io/","FIREBASE_CONFIG":"{\"projectId\":\"waleed-6d2b1\",\"storageBucket\":\"waleed-6d2b1.firebasestorage.app\"}","GCLOUD_PROJECT":"waleed-6d2b1","EVENTARC_CLOUD_EVENT_SOURCE":"projects/waleed-6d2b1/locations/us-central1/services/autoSubscribeBuyerOnOrder","FUNCTION_SIGNATURE_TYPE":"cloudevent","FUNCTION_TARGET":"autoSubscribeBuyerOnOrder","LOG_EXECUTION_ID":"true"},"ingressSettings":"ALLOW_ALL","serviceAccountEmail":"41201313634-compute@developer.gserviceaccount.com","availableMemory":"256Mi","maxInstanceRequestConcurrency":80,"availableCpu":"1"},"eventTrigger":{"trigger":"projects/waleed-6d2b1/locations/nam5/triggers/autosubscribebuyeronorder-124918","triggerRegion":"nam5","eventType":"google.cloud.firestore.document.v1.created","eventFilters":[{"attribute":"database","value":"(default)"},{"attribute":"namespace","value":"(default)"},{"attribute":"document","value":"orders/{orderId}","operator":"match-path-pattern"}],"serviceAccountEmail":"41201313634-compute@developer.gserviceaccount.com","retryPolicy":"RETRY_POLICY_DO_NOT_RETRY"},"labels":{"deployment-tool":"cli-firebase","firebase-functions-hash":"c79b669699d7546866d56ca63f9e2dc3ed779b66"},"environment":"GEN_2"},"stages":[{"name":"BUILD","state":"NOT_STARTED","stateMessages":[{"severity":"WARNING","type":"BuildAnalysisWarning","message":"Node.js 20 is no longer supported by the Node.js community as of 30 April, 2026. Node.js 20 will be deprecated on 2026-04-30. We recommend you to upgrade to the latest version of Node.js as soon as possible."}]},{"name":"SERVICE","state":"NOT_STARTED"},{"name":"TRIGGER","state":"NOT_STARTED"}],"operationType":"CREATE_FUNCTION"},"done":false}
[debug] [2026-04-20T06:23:03.681Z] [create-default-us-central1-autoSubscribeBuyerOnOrder] Retrying task index 0
[debug] [2026-04-20T06:23:03.682Z] Checked if tokens are valid: true, expires at: 1776667754484
[debug] [2026-04-20T06:23:03.682Z] Checked if tokens are valid: true, expires at: 1776667754484
[debug] [2026-04-20T06:23:03.682Z] >>> [apiv2][query] GET https://cloudfunctions.googleapis.com/v2/projects/waleed-6d2b1/locations/us-central1/operations/operation-1776666182321-64fde54ae8648-a03d19b7-07c999e6 [none]
[debug] [2026-04-20T06:23:04.512Z] <<< [apiv2][status] GET https://cloudfunctions.googleapis.com/v2/projects/waleed-6d2b1/locations/us-central1/operations/operation-1776666182321-64fde54ae8648-a03d19b7-07c999e6 200
[debug] [2026-04-20T06:23:04.512Z] <<< [apiv2][body] GET https://cloudfunctions.googleapis.com/v2/projects/waleed-6d2b1/locations/us-central1/operations/operation-1776666182321-64fde54ae8648-a03d19b7-07c999e6 {"name":"projects/waleed-6d2b1/locations/us-central1/operations/operation-1776666182321-64fde54ae8648-a03d19b7-07c999e6","metadata":{"@type":"type.googleapis.com/google.cloud.functions.v2.OperationMetadata","createTime":"2026-04-20T06:23:03.277005668Z","target":"projects/waleed-6d2b1/locations/us-central1/functions/autoSubscribeBuyerOnOrder","verb":"create","cancelRequested":false,"apiVersion":"v2","requestResource":{"@type":"type.googleapis.com/google.cloud.functions.v2.Function","name":"projects/waleed-6d2b1/locations/us-central1/functions/autoSubscribeBuyerOnOrder","buildConfig":{"runtime":"nodejs20","entryPoint":"autoSubscribeBuyerOnOrder","source":{"storageSource":{"bucket":"gcf-v2-sources-41201313634-us-central1","object":"autoSubscribeBuyerOnOrder/function-source.zip","generation":"1776666182556520"}},"environmentVariables":{"GOOGLE_NODE_RUN_SCRIPTS":""},"serviceAccount":"projects/waleed-6d2b1/serviceAccounts/41201313634-compute@developer.gserviceaccount.com","automaticUpdatePolicy":{}},"serviceConfig":{"service":"projects/waleed-6d2b1/locations/us-central1/services/autosubscribebuyeronorder","timeoutSeconds":60,"environmentVariables":{"RESEND_API_KEY":"re_atfFPVKt_MnQqTyr7w9JR7GLQRABSmmYm","FROM_EMAIL":"PressPlay Nails <onboarding@resend.dev>","ADMIN_EMAIL":"workwithwaleed1@gmail.com","APP_URL":"https://i-waleedd.github.io/","FIREBASE_CONFIG":"{\"projectId\":\"waleed-6d2b1\",\"storageBucket\":\"waleed-6d2b1.firebasestorage.app\"}","GCLOUD_PROJECT":"waleed-6d2b1","EVENTARC_CLOUD_EVENT_SOURCE":"projects/waleed-6d2b1/locations/us-central1/services/autoSubscribeBuyerOnOrder","FUNCTION_SIGNATURE_TYPE":"cloudevent","FUNCTION_TARGET":"autoSubscribeBuyerOnOrder","LOG_EXECUTION_ID":"true"},"ingressSettings":"ALLOW_ALL","serviceAccountEmail":"41201313634-compute@developer.gserviceaccount.com","availableMemory":"256Mi","maxInstanceRequestConcurrency":80,"availableCpu":"1"},"eventTrigger":{"trigger":"projects/waleed-6d2b1/locations/nam5/triggers/autosubscribebuyeronorder-124918","triggerRegion":"nam5","eventType":"google.cloud.firestore.document.v1.created","eventFilters":[{"attribute":"database","value":"(default)"},{"attribute":"namespace","value":"(default)"},{"attribute":"document","value":"orders/{orderId}","operator":"match-path-pattern"}],"serviceAccountEmail":"41201313634-compute@developer.gserviceaccount.com","retryPolicy":"RETRY_POLICY_DO_NOT_RETRY"},"labels":{"deployment-tool":"cli-firebase","firebase-functions-hash":"c79b669699d7546866d56ca63f9e2dc3ed779b66"},"environment":"GEN_2"},"stages":[{"name":"BUILD","message":"Build in progress","state":"IN_PROGRESS","resource":"projects/41201313634/locations/us-central1/builds/9867f317-e271-407c-b951-696963da704c","resourceUri":"https://console.cloud.google.com/cloud-build/builds;region=us-central1/9867f317-e271-407c-b951-696963da704c?project=41201313634"},{"name":"SERVICE","state":"NOT_STARTED"},{"name":"TRIGGER","state":"NOT_STARTED"}],"operationType":"CREATE_FUNCTION","buildName":"projects/41201313634/locations/us-central1/builds/9867f317-e271-407c-b951-696963da704c"},"done":false}
[debug] [2026-04-20T06:23:05.519Z] [create-default-us-central1-autoSubscribeBuyerOnOrder] Retrying task index 0
[debug] [2026-04-20T06:23:05.519Z] Checked if tokens are valid: true, expires at: 1776667754484
[debug] [2026-04-20T06:23:05.520Z] Checked if tokens are valid: true, expires at: 1776667754484
[debug] [2026-04-20T06:23:05.520Z] >>> [apiv2][query] GET https://cloudfunctions.googleapis.com/v2/projects/waleed-6d2b1/locations/us-central1/operations/operation-1776666182321-64fde54ae8648-a03d19b7-07c999e6 [none]
[debug] [2026-04-20T06:23:06.431Z] <<< [apiv2][status] GET https://cloudfunctions.googleapis.com/v2/projects/waleed-6d2b1/locations/us-central1/operations/operation-1776666182321-64fde54ae8648-a03d19b7-07c999e6 200
[debug] [2026-04-20T06:23:06.432Z] <<< [apiv2][body] GET https://cloudfunctions.googleapis.com/v2/projects/waleed-6d2b1/locations/us-central1/operations/operation-1776666182321-64fde54ae8648-a03d19b7-07c999e6 {"name":"projects/waleed-6d2b1/locations/us-central1/operations/operation-1776666182321-64fde54ae8648-a03d19b7-07c999e6","metadata":{"@type":"type.googleapis.com/google.cloud.functions.v2.OperationMetadata","createTime":"2026-04-20T06:23:03.277005668Z","target":"projects/waleed-6d2b1/locations/us-central1/functions/autoSubscribeBuyerOnOrder","verb":"create","cancelRequested":false,"apiVersion":"v2","requestResource":{"@type":"type.googleapis.com/google.cloud.functions.v2.Function","name":"projects/waleed-6d2b1/locations/us-central1/functions/autoSubscribeBuyerOnOrder","buildConfig":{"runtime":"nodejs20","entryPoint":"autoSubscribeBuyerOnOrder","source":{"storageSource":{"bucket":"gcf-v2-sources-41201313634-us-central1","object":"autoSubscribeBuyerOnOrder/function-source.zip","generation":"1776666182556520"}},"environmentVariables":{"GOOGLE_NODE_RUN_SCRIPTS":""},"serviceAccount":"projects/waleed-6d2b1/serviceAccounts/41201313634-compute@developer.gserviceaccount.com","automaticUpdatePolicy":{}},"serviceConfig":{"service":"projects/waleed-6d2b1/locations/us-central1/services/autosubscribebuyeronorder","timeoutSeconds":60,"environmentVariables":{"RESEND_API_KEY":"re_atfFPVKt_MnQqTyr7w9JR7GLQRABSmmYm","FROM_EMAIL":"PressPlay Nails <onboarding@resend.dev>","ADMIN_EMAIL":"workwithwaleed1@gmail.com","APP_URL":"https://i-waleedd.github.io/","FIREBASE_CONFIG":"{\"projectId\":\"waleed-6d2b1\",\"storageBucket\":\"waleed-6d2b1.firebasestorage.app\"}","GCLOUD_PROJECT":"waleed-6d2b1","EVENTARC_CLOUD_EVENT_SOURCE":"projects/waleed-6d2b1/locations/us-central1/services/autoSubscribeBuyerOnOrder","FUNCTION_SIGNATURE_TYPE":"cloudevent","FUNCTION_TARGET":"autoSubscribeBuyerOnOrder","LOG_EXECUTION_ID":"true"},"ingressSettings":"ALLOW_ALL","serviceAccountEmail":"41201313634-compute@developer.gserviceaccount.com","availableMemory":"256Mi","maxInstanceRequestConcurrency":80,"availableCpu":"1"},"eventTrigger":{"trigger":"projects/waleed-6d2b1/locations/nam5/triggers/autosubscribebuyeronorder-124918","triggerRegion":"nam5","eventType":"google.cloud.firestore.document.v1.created","eventFilters":[{"attribute":"database","value":"(default)"},{"attribute":"namespace","value":"(default)"},{"attribute":"document","value":"orders/{orderId}","operator":"match-path-pattern"}],"serviceAccountEmail":"41201313634-compute@developer.gserviceaccount.com","retryPolicy":"RETRY_POLICY_DO_NOT_RETRY"},"labels":{"deployment-tool":"cli-firebase","firebase-functions-hash":"c79b669699d7546866d56ca63f9e2dc3ed779b66"},"environment":"GEN_2"},"stages":[{"name":"BUILD","message":"Build in progress","state":"IN_PROGRESS","resource":"projects/41201313634/locations/us-central1/builds/9867f317-e271-407c-b951-696963da704c","resourceUri":"https://console.cloud.google.com/cloud-build/builds;region=us-central1/9867f317-e271-407c-b951-696963da704c?project=41201313634"},{"name":"SERVICE","state":"NOT_STARTED"},{"name":"TRIGGER","state":"NOT_STARTED"}],"operationType":"CREATE_FUNCTION","buildName":"projects/41201313634/locations/us-central1/builds/9867f317-e271-407c-b951-696963da704c"},"done":false}
[debug] [2026-04-20T06:23:08.441Z] [create-default-us-central1-autoSubscribeBuyerOnOrder] Retrying task index 0
[debug] [2026-04-20T06:23:08.442Z] Checked if tokens are valid: true, expires at: 1776667754484
[debug] [2026-04-20T06:23:08.442Z] Checked if tokens are valid: true, expires at: 1776667754484
[debug] [2026-04-20T06:23:08.442Z] >>> [apiv2][query] GET https://cloudfunctions.googleapis.com/v2/projects/waleed-6d2b1/locations/us-central1/operations/operation-1776666182321-64fde54ae8648-a03d19b7-07c999e6 [none]
[debug] [2026-04-20T06:23:09.309Z] <<< [apiv2][status] GET https://cloudfunctions.googleapis.com/v2/projects/waleed-6d2b1/locations/us-central1/operations/operation-1776666182321-64fde54ae8648-a03d19b7-07c999e6 200
[debug] [2026-04-20T06:23:09.309Z] <<< [apiv2][body] GET https://cloudfunctions.googleapis.com/v2/projects/waleed-6d2b1/locations/us-central1/operations/operation-1776666182321-64fde54ae8648-a03d19b7-07c999e6 {"name":"projects/waleed-6d2b1/locations/us-central1/operations/operation-1776666182321-64fde54ae8648-a03d19b7-07c999e6","metadata":{"@type":"type.googleapis.com/google.cloud.functions.v2.OperationMetadata","createTime":"2026-04-20T06:23:03.277005668Z","target":"projects/waleed-6d2b1/locations/us-central1/functions/autoSubscribeBuyerOnOrder","verb":"create","cancelRequested":false,"apiVersion":"v2","requestResource":{"@type":"type.googleapis.com/google.cloud.functions.v2.Function","name":"projects/waleed-6d2b1/locations/us-central1/functions/autoSubscribeBuyerOnOrder","buildConfig":{"runtime":"nodejs20","entryPoint":"autoSubscribeBuyerOnOrder","source":{"storageSource":{"bucket":"gcf-v2-sources-41201313634-us-central1","object":"autoSubscribeBuyerOnOrder/function-source.zip","generation":"1776666182556520"}},"environmentVariables":{"GOOGLE_NODE_RUN_SCRIPTS":""},"serviceAccount":"projects/waleed-6d2b1/serviceAccounts/41201313634-compute@developer.gserviceaccount.com","automaticUpdatePolicy":{}},"serviceConfig":{"service":"projects/waleed-6d2b1/locations/us-central1/services/autosubscribebuyeronorder","timeoutSeconds":60,"environmentVariables":{"RESEND_API_KEY":"re_atfFPVKt_MnQqTyr7w9JR7GLQRABSmmYm","FROM_EMAIL":"PressPlay Nails <onboarding@resend.dev>","ADMIN_EMAIL":"workwithwaleed1@gmail.com","APP_URL":"https://i-waleedd.github.io/","FIREBASE_CONFIG":"{\"projectId\":\"waleed-6d2b1\",\"storageBucket\":\"waleed-6d2b1.firebasestorage.app\"}","GCLOUD_PROJECT":"waleed-6d2b1","EVENTARC_CLOUD_EVENT_SOURCE":"projects/waleed-6d2b1/locations/us-central1/services/autoSubscribeBuyerOnOrder","FUNCTION_SIGNATURE_TYPE":"cloudevent","FUNCTION_TARGET":"autoSubscribeBuyerOnOrder","LOG_EXECUTION_ID":"true"},"ingressSettings":"ALLOW_ALL","serviceAccountEmail":"41201313634-compute@developer.gserviceaccount.com","availableMemory":"256Mi","maxInstanceRequestConcurrency":80,"availableCpu":"1"},"eventTrigger":{"trigger":"projects/waleed-6d2b1/locations/nam5/triggers/autosubscribebuyeronorder-124918","triggerRegion":"nam5","eventType":"google.cloud.firestore.document.v1.created","eventFilters":[{"attribute":"database","value":"(default)"},{"attribute":"namespace","value":"(default)"},{"attribute":"document","value":"orders/{orderId}","operator":"match-path-pattern"}],"serviceAccountEmail":"41201313634-compute@developer.gserviceaccount.com","retryPolicy":"RETRY_POLICY_DO_NOT_RETRY"},"labels":{"deployment-tool":"cli-firebase","firebase-functions-hash":"c79b669699d7546866d56ca63f9e2dc3ed779b66"},"environment":"GEN_2"},"stages":[{"name":"BUILD","message":"Build in progress","state":"IN_PROGRESS","resource":"projects/41201313634/locations/us-central1/builds/9867f317-e271-407c-b951-696963da704c","resourceUri":"https://console.cloud.google.com/cloud-build/builds;region=us-central1/9867f317-e271-407c-b951-696963da704c?project=41201313634"},{"name":"SERVICE","state":"NOT_STARTED"},{"name":"TRIGGER","state":"NOT_STARTED"}],"operationType":"CREATE_FUNCTION","buildName":"projects/41201313634/locations/us-central1/builds/9867f317-e271-407c-b951-696963da704c"},"done":false}
[debug] [2026-04-20T06:23:13.317Z] [create-default-us-central1-autoSubscribeBuyerOnOrder] Retrying task index 0
[debug] [2026-04-20T06:23:13.317Z] Checked if tokens are valid: true, expires at: 1776667754484
[debug] [2026-04-20T06:23:13.317Z] Checked if tokens are valid: true, expires at: 1776667754484
[debug] [2026-04-20T06:23:13.317Z] >>> [apiv2][query] GET https://cloudfunctions.googleapis.com/v2/projects/waleed-6d2b1/locations/us-central1/operations/operation-1776666182321-64fde54ae8648-a03d19b7-07c999e6 [none]
[debug] [2026-04-20T06:23:14.223Z] <<< [apiv2][status] GET https://cloudfunctions.googleapis.com/v2/projects/waleed-6d2b1/locations/us-central1/operations/operation-1776666182321-64fde54ae8648-a03d19b7-07c999e6 200
[debug] [2026-04-20T06:23:14.223Z] <<< [apiv2][body] GET https://cloudfunctions.googleapis.com/v2/projects/waleed-6d2b1/locations/us-central1/operations/operation-1776666182321-64fde54ae8648-a03d19b7-07c999e6 {"name":"projects/waleed-6d2b1/locations/us-central1/operations/operation-1776666182321-64fde54ae8648-a03d19b7-07c999e6","metadata":{"@type":"type.googleapis.com/google.cloud.functions.v2.OperationMetadata","createTime":"2026-04-20T06:23:03.277005668Z","target":"projects/waleed-6d2b1/locations/us-central1/functions/autoSubscribeBuyerOnOrder","verb":"create","cancelRequested":false,"apiVersion":"v2","requestResource":{"@type":"type.googleapis.com/google.cloud.functions.v2.Function","name":"projects/waleed-6d2b1/locations/us-central1/functions/autoSubscribeBuyerOnOrder","buildConfig":{"runtime":"nodejs20","entryPoint":"autoSubscribeBuyerOnOrder","source":{"storageSource":{"bucket":"gcf-v2-sources-41201313634-us-central1","object":"autoSubscribeBuyerOnOrder/function-source.zip","generation":"1776666182556520"}},"environmentVariables":{"GOOGLE_NODE_RUN_SCRIPTS":""},"serviceAccount":"projects/waleed-6d2b1/serviceAccounts/41201313634-compute@developer.gserviceaccount.com","automaticUpdatePolicy":{}},"serviceConfig":{"service":"projects/waleed-6d2b1/locations/us-central1/services/autosubscribebuyeronorder","timeoutSeconds":60,"environmentVariables":{"RESEND_API_KEY":"re_atfFPVKt_MnQqTyr7w9JR7GLQRABSmmYm","FROM_EMAIL":"PressPlay Nails <onboarding@resend.dev>","ADMIN_EMAIL":"workwithwaleed1@gmail.com","APP_URL":"https://i-waleedd.github.io/","FIREBASE_CONFIG":"{\"projectId\":\"waleed-6d2b1\",\"storageBucket\":\"waleed-6d2b1.firebasestorage.app\"}","GCLOUD_PROJECT":"waleed-6d2b1","EVENTARC_CLOUD_EVENT_SOURCE":"projects/waleed-6d2b1/locations/us-central1/services/autoSubscribeBuyerOnOrder","FUNCTION_SIGNATURE_TYPE":"cloudevent","FUNCTION_TARGET":"autoSubscribeBuyerOnOrder","LOG_EXECUTION_ID":"true"},"ingressSettings":"ALLOW_ALL","serviceAccountEmail":"41201313634-compute@developer.gserviceaccount.com","availableMemory":"256Mi","maxInstanceRequestConcurrency":80,"availableCpu":"1"},"eventTrigger":{"trigger":"projects/waleed-6d2b1/locations/nam5/triggers/autosubscribebuyeronorder-124918","triggerRegion":"nam5","eventType":"google.cloud.firestore.document.v1.created","eventFilters":[{"attribute":"database","value":"(default)"},{"attribute":"namespace","value":"(default)"},{"attribute":"document","value":"orders/{orderId}","operator":"match-path-pattern"}],"serviceAccountEmail":"41201313634-compute@developer.gserviceaccount.com","retryPolicy":"RETRY_POLICY_DO_NOT_RETRY"},"labels":{"deployment-tool":"cli-firebase","firebase-functions-hash":"c79b669699d7546866d56ca63f9e2dc3ed779b66"},"environment":"GEN_2"},"stages":[{"name":"BUILD","message":"Build in progress","state":"IN_PROGRESS","resource":"projects/41201313634/locations/us-central1/builds/9867f317-e271-407c-b951-696963da704c","resourceUri":"https://console.cloud.google.com/cloud-build/builds;region=us-central1/9867f317-e271-407c-b951-696963da704c?project=41201313634"},{"name":"SERVICE","state":"NOT_STARTED"},{"name":"TRIGGER","state":"NOT_STARTED"}],"operationType":"CREATE_FUNCTION","buildName":"projects/41201313634/locations/us-central1/builds/9867f317-e271-407c-b951-696963da704c"},"done":false}
[debug] [2026-04-20T06:23:22.226Z] [create-default-us-central1-autoSubscribeBuyerOnOrder] Retrying task index 0
[debug] [2026-04-20T06:23:22.227Z] Checked if tokens are valid: true, expires at: 1776667754484
[debug] [2026-04-20T06:23:22.227Z] Checked if tokens are valid: true, expires at: 1776667754484
[debug] [2026-04-20T06:23:22.228Z] >>> [apiv2][query] GET https://cloudfunctions.googleapis.com/v2/projects/waleed-6d2b1/locations/us-central1/operations/operation-1776666182321-64fde54ae8648-a03d19b7-07c999e6 [none]
[debug] [2026-04-20T06:23:23.339Z] <<< [apiv2][status] GET https://cloudfunctions.googleapis.com/v2/projects/waleed-6d2b1/locations/us-central1/operations/operation-1776666182321-64fde54ae8648-a03d19b7-07c999e6 200
[debug] [2026-04-20T06:23:23.339Z] <<< [apiv2][body] GET https://cloudfunctions.googleapis.com/v2/projects/waleed-6d2b1/locations/us-central1/operations/operation-1776666182321-64fde54ae8648-a03d19b7-07c999e6 {"name":"projects/waleed-6d2b1/locations/us-central1/operations/operation-1776666182321-64fde54ae8648-a03d19b7-07c999e6","metadata":{"@type":"type.googleapis.com/google.cloud.functions.v2.OperationMetadata","createTime":"2026-04-20T06:23:03.277005668Z","target":"projects/waleed-6d2b1/locations/us-central1/functions/autoSubscribeBuyerOnOrder","verb":"create","cancelRequested":false,"apiVersion":"v2","requestResource":{"@type":"type.googleapis.com/google.cloud.functions.v2.Function","name":"projects/waleed-6d2b1/locations/us-central1/functions/autoSubscribeBuyerOnOrder","buildConfig":{"runtime":"nodejs20","entryPoint":"autoSubscribeBuyerOnOrder","source":{"storageSource":{"bucket":"gcf-v2-sources-41201313634-us-central1","object":"autoSubscribeBuyerOnOrder/function-source.zip","generation":"1776666182556520"}},"environmentVariables":{"GOOGLE_NODE_RUN_SCRIPTS":""},"serviceAccount":"projects/waleed-6d2b1/serviceAccounts/41201313634-compute@developer.gserviceaccount.com","automaticUpdatePolicy":{}},"serviceConfig":{"service":"projects/waleed-6d2b1/locations/us-central1/services/autosubscribebuyeronorder","timeoutSeconds":60,"environmentVariables":{"RESEND_API_KEY":"re_atfFPVKt_MnQqTyr7w9JR7GLQRABSmmYm","FROM_EMAIL":"PressPlay Nails <onboarding@resend.dev>","ADMIN_EMAIL":"workwithwaleed1@gmail.com","APP_URL":"https://i-waleedd.github.io/","FIREBASE_CONFIG":"{\"projectId\":\"waleed-6d2b1\",\"storageBucket\":\"waleed-6d2b1.firebasestorage.app\"}","GCLOUD_PROJECT":"waleed-6d2b1","EVENTARC_CLOUD_EVENT_SOURCE":"projects/waleed-6d2b1/locations/us-central1/services/autoSubscribeBuyerOnOrder","FUNCTION_SIGNATURE_TYPE":"cloudevent","FUNCTION_TARGET":"autoSubscribeBuyerOnOrder","LOG_EXECUTION_ID":"true"},"ingressSettings":"ALLOW_ALL","serviceAccountEmail":"41201313634-compute@developer.gserviceaccount.com","availableMemory":"256Mi","maxInstanceRequestConcurrency":80,"availableCpu":"1"},"eventTrigger":{"trigger":"projects/waleed-6d2b1/locations/nam5/triggers/autosubscribebuyeronorder-124918","triggerRegion":"nam5","eventType":"google.cloud.firestore.document.v1.created","eventFilters":[{"attribute":"database","value":"(default)"},{"attribute":"namespace","value":"(default)"},{"attribute":"document","value":"orders/{orderId}","operator":"match-path-pattern"}],"serviceAccountEmail":"41201313634-compute@developer.gserviceaccount.com","retryPolicy":"RETRY_POLICY_DO_NOT_RETRY"},"labels":{"deployment-tool":"cli-firebase","firebase-functions-hash":"c79b669699d7546866d56ca63f9e2dc3ed779b66"},"environment":"GEN_2"},"stages":[{"name":"BUILD","message":"Build in progress","state":"IN_PROGRESS","resource":"projects/41201313634/locations/us-central1/builds/9867f317-e271-407c-b951-696963da704c","resourceUri":"https://console.cloud.google.com/cloud-build/builds;region=us-central1/9867f317-e271-407c-b951-696963da704c?project=41201313634"},{"name":"SERVICE","state":"NOT_STARTED"},{"name":"TRIGGER","state":"NOT_STARTED"}],"operationType":"CREATE_FUNCTION","buildName":"projects/41201313634/locations/us-central1/builds/9867f317-e271-407c-b951-696963da704c"},"done":false}
[debug] [2026-04-20T06:23:33.346Z] [create-default-us-central1-autoSubscribeBuyerOnOrder] Retrying task index 0
[debug] [2026-04-20T06:23:33.347Z] Checked if tokens are valid: true, expires at: 1776667754484
[debug] [2026-04-20T06:23:33.347Z] Checked if tokens are valid: true, expires at: 1776667754484
[debug] [2026-04-20T06:23:33.348Z] >>> [apiv2][query] GET https://cloudfunctions.googleapis.com/v2/projects/waleed-6d2b1/locations/us-central1/operations/operation-1776666182321-64fde54ae8648-a03d19b7-07c999e6 [none]
[debug] [2026-04-20T06:23:34.401Z] <<< [apiv2][status] GET https://cloudfunctions.googleapis.com/v2/projects/waleed-6d2b1/locations/us-central1/operations/operation-1776666182321-64fde54ae8648-a03d19b7-07c999e6 200
[debug] [2026-04-20T06:23:34.401Z] <<< [apiv2][body] GET https://cloudfunctions.googleapis.com/v2/projects/waleed-6d2b1/locations/us-central1/operations/operation-1776666182321-64fde54ae8648-a03d19b7-07c999e6 {"name":"projects/waleed-6d2b1/locations/us-central1/operations/operation-1776666182321-64fde54ae8648-a03d19b7-07c999e6","metadata":{"@type":"type.googleapis.com/google.cloud.functions.v2.OperationMetadata","createTime":"2026-04-20T06:23:03.277005668Z","target":"projects/waleed-6d2b1/locations/us-central1/functions/autoSubscribeBuyerOnOrder","verb":"create","cancelRequested":false,"apiVersion":"v2","requestResource":{"@type":"type.googleapis.com/google.cloud.functions.v2.Function","name":"projects/waleed-6d2b1/locations/us-central1/functions/autoSubscribeBuyerOnOrder","buildConfig":{"runtime":"nodejs20","entryPoint":"autoSubscribeBuyerOnOrder","source":{"storageSource":{"bucket":"gcf-v2-sources-41201313634-us-central1","object":"autoSubscribeBuyerOnOrder/function-source.zip","generation":"1776666182556520"}},"environmentVariables":{"GOOGLE_NODE_RUN_SCRIPTS":""},"serviceAccount":"projects/waleed-6d2b1/serviceAccounts/41201313634-compute@developer.gserviceaccount.com","automaticUpdatePolicy":{}},"serviceConfig":{"service":"projects/waleed-6d2b1/locations/us-central1/services/autosubscribebuyeronorder","timeoutSeconds":60,"environmentVariables":{"RESEND_API_KEY":"re_atfFPVKt_MnQqTyr7w9JR7GLQRABSmmYm","FROM_EMAIL":"PressPlay Nails <onboarding@resend.dev>","ADMIN_EMAIL":"workwithwaleed1@gmail.com","APP_URL":"https://i-waleedd.github.io/","FIREBASE_CONFIG":"{\"projectId\":\"waleed-6d2b1\",\"storageBucket\":\"waleed-6d2b1.firebasestorage.app\"}","GCLOUD_PROJECT":"waleed-6d2b1","EVENTARC_CLOUD_EVENT_SOURCE":"projects/waleed-6d2b1/locations/us-central1/services/autoSubscribeBuyerOnOrder","FUNCTION_SIGNATURE_TYPE":"cloudevent","FUNCTION_TARGET":"autoSubscribeBuyerOnOrder","LOG_EXECUTION_ID":"true"},"ingressSettings":"ALLOW_ALL","serviceAccountEmail":"41201313634-compute@developer.gserviceaccount.com","availableMemory":"256Mi","maxInstanceRequestConcurrency":80,"availableCpu":"1"},"eventTrigger":{"trigger":"projects/waleed-6d2b1/locations/nam5/triggers/autosubscribebuyeronorder-124918","triggerRegion":"nam5","eventType":"google.cloud.firestore.document.v1.created","eventFilters":[{"attribute":"database","value":"(default)"},{"attribute":"namespace","value":"(default)"},{"attribute":"document","value":"orders/{orderId}","operator":"match-path-pattern"}],"serviceAccountEmail":"41201313634-compute@developer.gserviceaccount.com","retryPolicy":"RETRY_POLICY_DO_NOT_RETRY"},"labels":{"deployment-tool":"cli-firebase","firebase-functions-hash":"c79b669699d7546866d56ca63f9e2dc3ed779b66"},"environment":"GEN_2"},"stages":[{"name":"BUILD","message":"Build in progress","state":"IN_PROGRESS","resource":"projects/41201313634/locations/us-central1/builds/9867f317-e271-407c-b951-696963da704c","resourceUri":"https://console.cloud.google.com/cloud-build/builds;region=us-central1/9867f317-e271-407c-b951-696963da704c?project=41201313634"},{"name":"SERVICE","state":"NOT_STARTED"},{"name":"TRIGGER","state":"NOT_STARTED"}],"operationType":"CREATE_FUNCTION","buildName":"projects/41201313634/locations/us-central1/builds/9867f317-e271-407c-b951-696963da704c"},"done":false}
[debug] [2026-04-20T06:23:44.412Z] [create-default-us-central1-autoSubscribeBuyerOnOrder] Retrying task index 0
[debug] [2026-04-20T06:23:44.413Z] Checked if tokens are valid: true, expires at: 1776667754484
[debug] [2026-04-20T06:23:44.413Z] Checked if tokens are valid: true, expires at: 1776667754484
[debug] [2026-04-20T06:23:44.413Z] >>> [apiv2][query] GET https://cloudfunctions.googleapis.com/v2/projects/waleed-6d2b1/locations/us-central1/operations/operation-1776666182321-64fde54ae8648-a03d19b7-07c999e6 [none]
[debug] [2026-04-20T06:23:45.567Z] <<< [apiv2][status] GET https://cloudfunctions.googleapis.com/v2/projects/waleed-6d2b1/locations/us-central1/operations/operation-1776666182321-64fde54ae8648-a03d19b7-07c999e6 200
[debug] [2026-04-20T06:23:45.567Z] <<< [apiv2][body] GET https://cloudfunctions.googleapis.com/v2/projects/waleed-6d2b1/locations/us-central1/operations/operation-1776666182321-64fde54ae8648-a03d19b7-07c999e6 {"name":"projects/waleed-6d2b1/locations/us-central1/operations/operation-1776666182321-64fde54ae8648-a03d19b7-07c999e6","metadata":{"@type":"type.googleapis.com/google.cloud.functions.v2.OperationMetadata","createTime":"2026-04-20T06:23:03.277005668Z","target":"projects/waleed-6d2b1/locations/us-central1/functions/autoSubscribeBuyerOnOrder","verb":"create","cancelRequested":false,"apiVersion":"v2","requestResource":{"@type":"type.googleapis.com/google.cloud.functions.v2.Function","name":"projects/waleed-6d2b1/locations/us-central1/functions/autoSubscribeBuyerOnOrder","buildConfig":{"runtime":"nodejs20","entryPoint":"autoSubscribeBuyerOnOrder","source":{"storageSource":{"bucket":"gcf-v2-sources-41201313634-us-central1","object":"autoSubscribeBuyerOnOrder/function-source.zip","generation":"1776666182556520"}},"environmentVariables":{"GOOGLE_NODE_RUN_SCRIPTS":""},"serviceAccount":"projects/waleed-6d2b1/serviceAccounts/41201313634-compute@developer.gserviceaccount.com","automaticUpdatePolicy":{}},"serviceConfig":{"service":"projects/waleed-6d2b1/locations/us-central1/services/autosubscribebuyeronorder","timeoutSeconds":60,"environmentVariables":{"RESEND_API_KEY":"re_atfFPVKt_MnQqTyr7w9JR7GLQRABSmmYm","FROM_EMAIL":"PressPlay Nails <onboarding@resend.dev>","ADMIN_EMAIL":"workwithwaleed1@gmail.com","APP_URL":"https://i-waleedd.github.io/","FIREBASE_CONFIG":"{\"projectId\":\"waleed-6d2b1\",\"storageBucket\":\"waleed-6d2b1.firebasestorage.app\"}","GCLOUD_PROJECT":"waleed-6d2b1","EVENTARC_CLOUD_EVENT_SOURCE":"projects/waleed-6d2b1/locations/us-central1/services/autoSubscribeBuyerOnOrder","FUNCTION_SIGNATURE_TYPE":"cloudevent","FUNCTION_TARGET":"autoSubscribeBuyerOnOrder","LOG_EXECUTION_ID":"true"},"ingressSettings":"ALLOW_ALL","serviceAccountEmail":"41201313634-compute@developer.gserviceaccount.com","availableMemory":"256Mi","maxInstanceRequestConcurrency":80,"availableCpu":"1"},"eventTrigger":{"trigger":"projects/waleed-6d2b1/locations/nam5/triggers/autosubscribebuyeronorder-124918","triggerRegion":"nam5","eventType":"google.cloud.firestore.document.v1.created","eventFilters":[{"attribute":"database","value":"(default)"},{"attribute":"namespace","value":"(default)"},{"attribute":"document","value":"orders/{orderId}","operator":"match-path-pattern"}],"serviceAccountEmail":"41201313634-compute@developer.gserviceaccount.com","retryPolicy":"RETRY_POLICY_DO_NOT_RETRY"},"labels":{"deployment-tool":"cli-firebase","firebase-functions-hash":"c79b669699d7546866d56ca63f9e2dc3ed779b66"},"environment":"GEN_2"},"stages":[{"name":"BUILD","message":"Build finished","state":"COMPLETE","resource":"projects/41201313634/locations/us-central1/builds/9867f317-e271-407c-b951-696963da704c","resourceUri":"https://console.cloud.google.com/cloud-build/builds;region=us-central1/9867f317-e271-407c-b951-696963da704c?project=41201313634"},{"name":"SERVICE","message":"Creating Cloud Run service","state":"IN_PROGRESS","resource":"projects/waleed-6d2b1/locations/us-central1/services/autosubscribebuyeronorder","resourceUri":"https://console.cloud.google.com/run/detail/us-central1/autosubscribebuyeronorder?project=waleed-6d2b1"},{"name":"TRIGGER","state":"NOT_STARTED"}],"sourceToken":"ClZwcm9qZWN0cy80MTIwMTMxMzYzNC9sb2NhdGlvbnMvdXMtY2VudHJhbDEvYnVpbGRzLzk4NjdmMzE3LWUyNzEtNDA3Yy1iOTUxLTY5Njk2M2RhNzA0YxJ6dXMtY2VudHJhbDEtZG9ja2VyLnBrZy5kZXYvd2FsZWVkLTZkMmIxL2djZi1hcnRpZmFjdHMvd2FsZWVkLS02ZDJiMV9fdXMtLWNlbnRyYWwxX19hdXRvX3N1YnNjcmliZV9idXllcl9vbl9vcmRlcjp2ZXJzaW9uXzEY4s6ovpkBIk9wcm9qZWN0cy93YWxlZWQtNmQyYjEvbG9jYXRpb25zL3VzLWNlbnRyYWwxL2Z1bmN0aW9ucy9hdXRvU3Vic2NyaWJlQnV5ZXJPbk9yZGVyKgwI74yXzwYQyJbPowEyCG5vZGVqczIwOnYKI2djci5pby9nYWUtcnVudGltZXMvbm9kZWpzMjA6c3RhYmxlEk91cy1jZW50cmFsMS1kb2NrZXIucGtnLmRldi9zZXJ2ZXJsZXNzLXJ1bnRpbWVzL2dvb2dsZS0yMi1mdWxsL3J1bnRpbWVzL25vZGVqczIwQAE=","operationType":"CREATE_FUNCTION","buildName":"projects/41201313634/locations/us-central1/builds/9867f317-e271-407c-b951-696963da704c"},"done":false}
[debug] [2026-04-20T06:23:45.568Z] Got source token ClZwcm9qZWN0cy80MTIwMTMxMzYzNC9sb2NhdGlvbnMvdXMtY2VudHJhbDEvYnVpbGRzLzk4NjdmMzE3LWUyNzEtNDA3Yy1iOTUxLTY5Njk2M2RhNzA0YxJ6dXMtY2VudHJhbDEtZG9ja2VyLnBrZy5kZXYvd2FsZWVkLTZkMmIxL2djZi1hcnRpZmFjdHMvd2FsZWVkLS02ZDJiMV9fdXMtLWNlbnRyYWwxX19hdXRvX3N1YnNjcmliZV9idXllcl9vbl9vcmRlcjp2ZXJzaW9uXzEY4s6ovpkBIk9wcm9qZWN0cy93YWxlZWQtNmQyYjEvbG9jYXRpb25zL3VzLWNlbnRyYWwxL2Z1bmN0aW9ucy9hdXRvU3Vic2NyaWJlQnV5ZXJPbk9yZGVyKgwI74yXzwYQyJbPowEyCG5vZGVqczIwOnYKI2djci5pby9nYWUtcnVudGltZXMvbm9kZWpzMjA6c3RhYmxlEk91cy1jZW50cmFsMS1kb2NrZXIucGtnLmRldi9zZXJ2ZXJsZXNzLXJ1bnRpbWVzL2dvb2dsZS0yMi1mdWxsL3J1bnRpbWVzL25vZGVqczIwQAE= for region us-central1
[debug] [2026-04-20T06:23:45.569Z] Checked if tokens are valid: true, expires at: 1776667754484
[debug] [2026-04-20T06:23:45.569Z] Checked if tokens are valid: true, expires at: 1776667754484
[debug] [2026-04-20T06:23:45.570Z] Checked if tokens are valid: true, expires at: 1776667754484
[debug] [2026-04-20T06:23:45.570Z] Checked if tokens are valid: true, expires at: 1776667754484
[debug] [2026-04-20T06:23:45.571Z] Checked if tokens are valid: true, expires at: 1776667754484
[debug] [2026-04-20T06:23:45.571Z] Checked if tokens are valid: true, expires at: 1776667754484
[debug] [2026-04-20T06:23:45.572Z] Checked if tokens are valid: true, expires at: 1776667754484
[debug] [2026-04-20T06:23:45.572Z] Checked if tokens are valid: true, expires at: 1776667754484
[debug] [2026-04-20T06:23:45.573Z] >>> [apiv2][query] POST https://cloudfunctions.googleapis.com/v2/projects/waleed-6d2b1/locations/us-central1/functions functionId=sendManualPaymentAdminAlert
[debug] [2026-04-20T06:23:45.573Z] >>> [apiv2][body] POST https://cloudfunctions.googleapis.com/v2/projects/waleed-6d2b1/locations/us-central1/functions {"name":"projects/waleed-6d2b1/locations/us-central1/functions/sendManualPaymentAdminAlert","buildConfig":{"runtime":"nodejs20","entryPoint":"sendManualPaymentAdminAlert","source":{"storageSource":{"bucket":"gcf-v2-uploads-41201313634.us-central1.cloudfunctions.appspot.com","object":"1a03e4e9-c181-48fa-8d18-739758ad44a8.zip"}},"environmentVariables":{"GOOGLE_NODE_RUN_SCRIPTS":""},"sourceToken":"ClZwcm9qZWN0cy80MTIwMTMxMzYzNC9sb2NhdGlvbnMvdXMtY2VudHJhbDEvYnVpbGRzLzk4NjdmMzE3LWUyNzEtNDA3Yy1iOTUxLTY5Njk2M2RhNzA0YxJ6dXMtY2VudHJhbDEtZG9ja2VyLnBrZy5kZXYvd2FsZWVkLTZkMmIxL2djZi1hcnRpZmFjdHMvd2FsZWVkLS02ZDJiMV9fdXMtLWNlbnRyYWwxX19hdXRvX3N1YnNjcmliZV9idXllcl9vbl9vcmRlcjp2ZXJzaW9uXzEY4s6ovpkBIk9wcm9qZWN0cy93YWxlZWQtNmQyYjEvbG9jYXRpb25zL3VzLWNlbnRyYWwxL2Z1bmN0aW9ucy9hdXRvU3Vic2NyaWJlQnV5ZXJPbk9yZGVyKgwI74yXzwYQyJbPowEyCG5vZGVqczIwOnYKI2djci5pby9nYWUtcnVudGltZXMvbm9kZWpzMjA6c3RhYmxlEk91cy1jZW50cmFsMS1kb2NrZXIucGtnLmRldi9zZXJ2ZXJsZXNzLXJ1bnRpbWVzL2dvb2dsZS0yMi1mdWxsL3J1bnRpbWVzL25vZGVqczIwQAE="},"serviceConfig":{"environmentVariables":{"RESEND_API_KEY":"re_atfFPVKt_MnQqTyr7w9JR7GLQRABSmmYm","FROM_EMAIL":"PressPlay Nails <onboarding@resend.dev>","ADMIN_EMAIL":"workwithwaleed1@gmail.com","APP_URL":"https://i-waleedd.github.io/","FIREBASE_CONFIG":"{\"projectId\":\"waleed-6d2b1\",\"storageBucket\":\"waleed-6d2b1.firebasestorage.app\"}","GCLOUD_PROJECT":"waleed-6d2b1","EVENTARC_CLOUD_EVENT_SOURCE":"projects/waleed-6d2b1/locations/us-central1/services/sendManualPaymentAdminAlert","FUNCTION_SIGNATURE_TYPE":"cloudevent","FUNCTION_TARGET":"sendManualPaymentAdminAlert","LOG_EXECUTION_ID":"true"},"ingressSettings":null,"timeoutSeconds":null,"serviceAccountEmail":null,"availableMemory":"256Mi","minInstanceCount":null,"maxInstanceCount":null,"maxInstanceRequestConcurrency":80,"availableCpu":"1","vpcConnector":null,"vpcConnectorEgressSettings":null,"directVpcNetworkInterface":null,"directVpcEgress":null},"labels":{"deployment-tool":"cli-firebase","firebase-functions-hash":"c79b669699d7546866d56ca63f9e2dc3ed779b66"},"eventTrigger":{"eventType":"google.cloud.firestore.document.v1.created","retryPolicy":"RETRY_POLICY_DO_NOT_RETRY","eventFilters":[{"attribute":"database","value":"(default)"},{"attribute":"namespace","value":"(default)"},{"attribute":"document","value":"orders/{orderId}","operator":"match-path-pattern"}],"triggerRegion":"nam5"}}
[debug] [2026-04-20T06:23:45.575Z] >>> [apiv2][query] POST https://cloudfunctions.googleapis.com/v2/projects/waleed-6d2b1/locations/us-central1/functions functionId=sendNewProductEmail
[debug] [2026-04-20T06:23:45.575Z] >>> [apiv2][body] POST https://cloudfunctions.googleapis.com/v2/projects/waleed-6d2b1/locations/us-central1/functions {"name":"projects/waleed-6d2b1/locations/us-central1/functions/sendNewProductEmail","buildConfig":{"runtime":"nodejs20","entryPoint":"sendNewProductEmail","source":{"storageSource":{"bucket":"gcf-v2-uploads-41201313634.us-central1.cloudfunctions.appspot.com","object":"1a03e4e9-c181-48fa-8d18-739758ad44a8.zip"}},"environmentVariables":{"GOOGLE_NODE_RUN_SCRIPTS":""},"sourceToken":"ClZwcm9qZWN0cy80MTIwMTMxMzYzNC9sb2NhdGlvbnMvdXMtY2VudHJhbDEvYnVpbGRzLzk4NjdmMzE3LWUyNzEtNDA3Yy1iOTUxLTY5Njk2M2RhNzA0YxJ6dXMtY2VudHJhbDEtZG9ja2VyLnBrZy5kZXYvd2FsZWVkLTZkMmIxL2djZi1hcnRpZmFjdHMvd2FsZWVkLS02ZDJiMV9fdXMtLWNlbnRyYWwxX19hdXRvX3N1YnNjcmliZV9idXllcl9vbl9vcmRlcjp2ZXJzaW9uXzEY4s6ovpkBIk9wcm9qZWN0cy93YWxlZWQtNmQyYjEvbG9jYXRpb25zL3VzLWNlbnRyYWwxL2Z1bmN0aW9ucy9hdXRvU3Vic2NyaWJlQnV5ZXJPbk9yZGVyKgwI74yXzwYQyJbPowEyCG5vZGVqczIwOnYKI2djci5pby9nYWUtcnVudGltZXMvbm9kZWpzMjA6c3RhYmxlEk91cy1jZW50cmFsMS1kb2NrZXIucGtnLmRldi9zZXJ2ZXJsZXNzLXJ1bnRpbWVzL2dvb2dsZS0yMi1mdWxsL3J1bnRpbWVzL25vZGVqczIwQAE="},"serviceConfig":{"environmentVariables":{"RESEND_API_KEY":"re_atfFPVKt_MnQqTyr7w9JR7GLQRABSmmYm","FROM_EMAIL":"PressPlay Nails <onboarding@resend.dev>","ADMIN_EMAIL":"workwithwaleed1@gmail.com","APP_URL":"https://i-waleedd.github.io/","FIREBASE_CONFIG":"{\"projectId\":\"waleed-6d2b1\",\"storageBucket\":\"waleed-6d2b1.firebasestorage.app\"}","GCLOUD_PROJECT":"waleed-6d2b1","EVENTARC_CLOUD_EVENT_SOURCE":"projects/waleed-6d2b1/locations/us-central1/services/sendNewProductEmail","FUNCTION_SIGNATURE_TYPE":"cloudevent","FUNCTION_TARGET":"sendNewProductEmail","LOG_EXECUTION_ID":"true"},"ingressSettings":null,"timeoutSeconds":null,"serviceAccountEmail":null,"availableMemory":"256Mi","minInstanceCount":null,"maxInstanceCount":null,"maxInstanceRequestConcurrency":80,"availableCpu":"1","vpcConnector":null,"vpcConnectorEgressSettings":null,"directVpcNetworkInterface":null,"directVpcEgress":null},"labels":{"deployment-tool":"cli-firebase","firebase-functions-hash":"c79b669699d7546866d56ca63f9e2dc3ed779b66"},"eventTrigger":{"eventType":"google.cloud.firestore.document.v1.created","retryPolicy":"RETRY_POLICY_DO_NOT_RETRY","eventFilters":[{"attribute":"database","value":"(default)"},{"attribute":"namespace","value":"(default)"},{"attribute":"document","value":"products/{productId}","operator":"match-path-pattern"}],"triggerRegion":"nam5"}}
[debug] [2026-04-20T06:23:45.581Z] >>> [apiv2][query] POST https://cloudfunctions.googleapis.com/v2/projects/waleed-6d2b1/locations/us-central1/functions functionId=sendSaleEmail
[debug] [2026-04-20T06:23:45.581Z] >>> [apiv2][body] POST https://cloudfunctions.googleapis.com/v2/projects/waleed-6d2b1/locations/us-central1/functions {"name":"projects/waleed-6d2b1/locations/us-central1/functions/sendSaleEmail","buildConfig":{"runtime":"nodejs20","entryPoint":"sendSaleEmail","source":{"storageSource":{"bucket":"gcf-v2-uploads-41201313634.us-central1.cloudfunctions.appspot.com","object":"1a03e4e9-c181-48fa-8d18-739758ad44a8.zip"}},"environmentVariables":{"GOOGLE_NODE_RUN_SCRIPTS":""},"sourceToken":"ClZwcm9qZWN0cy80MTIwMTMxMzYzNC9sb2NhdGlvbnMvdXMtY2VudHJhbDEvYnVpbGRzLzk4NjdmMzE3LWUyNzEtNDA3Yy1iOTUxLTY5Njk2M2RhNzA0YxJ6dXMtY2VudHJhbDEtZG9ja2VyLnBrZy5kZXYvd2FsZWVkLTZkMmIxL2djZi1hcnRpZmFjdHMvd2FsZWVkLS02ZDJiMV9fdXMtLWNlbnRyYWwxX19hdXRvX3N1YnNjcmliZV9idXllcl9vbl9vcmRlcjp2ZXJzaW9uXzEY4s6ovpkBIk9wcm9qZWN0cy93YWxlZWQtNmQyYjEvbG9jYXRpb25zL3VzLWNlbnRyYWwxL2Z1bmN0aW9ucy9hdXRvU3Vic2NyaWJlQnV5ZXJPbk9yZGVyKgwI74yXzwYQyJbPowEyCG5vZGVqczIwOnYKI2djci5pby9nYWUtcnVudGltZXMvbm9kZWpzMjA6c3RhYmxlEk91cy1jZW50cmFsMS1kb2NrZXIucGtnLmRldi9zZXJ2ZXJsZXNzLXJ1bnRpbWVzL2dvb2dsZS0yMi1mdWxsL3J1bnRpbWVzL25vZGVqczIwQAE="},"serviceConfig":{"environmentVariables":{"RESEND_API_KEY":"re_atfFPVKt_MnQqTyr7w9JR7GLQRABSmmYm","FROM_EMAIL":"PressPlay Nails <onboarding@resend.dev>","ADMIN_EMAIL":"workwithwaleed1@gmail.com","APP_URL":"https://i-waleedd.github.io/","FIREBASE_CONFIG":"{\"projectId\":\"waleed-6d2b1\",\"storageBucket\":\"waleed-6d2b1.firebasestorage.app\"}","GCLOUD_PROJECT":"waleed-6d2b1","EVENTARC_CLOUD_EVENT_SOURCE":"projects/waleed-6d2b1/locations/us-central1/services/sendSaleEmail","FUNCTION_SIGNATURE_TYPE":"cloudevent","FUNCTION_TARGET":"sendSaleEmail","LOG_EXECUTION_ID":"true"},"ingressSettings":null,"timeoutSeconds":null,"serviceAccountEmail":null,"availableMemory":"256Mi","minInstanceCount":null,"maxInstanceCount":null,"maxInstanceRequestConcurrency":80,"availableCpu":"1","vpcConnector":null,"vpcConnectorEgressSettings":null,"directVpcNetworkInterface":null,"directVpcEgress":null},"labels":{"deployment-tool":"cli-firebase","firebase-functions-hash":"c79b669699d7546866d56ca63f9e2dc3ed779b66"},"eventTrigger":{"eventType":"google.cloud.firestore.document.v1.updated","retryPolicy":"RETRY_POLICY_DO_NOT_RETRY","eventFilters":[{"attribute":"database","value":"(default)"},{"attribute":"namespace","value":"(default)"},{"attribute":"document","value":"products/{productId}","operator":"match-path-pattern"}],"triggerRegion":"nam5"}}
[debug] [2026-04-20T06:23:45.588Z] >>> [apiv2][query] POST https://cloudfunctions.googleapis.com/v2/projects/waleed-6d2b1/locations/us-central1/functions functionId=notifyCustomerOnPaymentConfirmed
[debug] [2026-04-20T06:23:45.588Z] >>> [apiv2][body] POST https://cloudfunctions.googleapis.com/v2/projects/waleed-6d2b1/locations/us-central1/functions {"name":"projects/waleed-6d2b1/locations/us-central1/functions/notifyCustomerOnPaymentConfirmed","buildConfig":{"runtime":"nodejs20","entryPoint":"notifyCustomerOnPaymentConfirmed","source":{"storageSource":{"bucket":"gcf-v2-uploads-41201313634.us-central1.cloudfunctions.appspot.com","object":"1a03e4e9-c181-48fa-8d18-739758ad44a8.zip"}},"environmentVariables":{"GOOGLE_NODE_RUN_SCRIPTS":""},"sourceToken":"ClZwcm9qZWN0cy80MTIwMTMxMzYzNC9sb2NhdGlvbnMvdXMtY2VudHJhbDEvYnVpbGRzLzk4NjdmMzE3LWUyNzEtNDA3Yy1iOTUxLTY5Njk2M2RhNzA0YxJ6dXMtY2VudHJhbDEtZG9ja2VyLnBrZy5kZXYvd2FsZWVkLTZkMmIxL2djZi1hcnRpZmFjdHMvd2FsZWVkLS02ZDJiMV9fdXMtLWNlbnRyYWwxX19hdXRvX3N1YnNjcmliZV9idXllcl9vbl9vcmRlcjp2ZXJzaW9uXzEY4s6ovpkBIk9wcm9qZWN0cy93YWxlZWQtNmQyYjEvbG9jYXRpb25zL3VzLWNlbnRyYWwxL2Z1bmN0aW9ucy9hdXRvU3Vic2NyaWJlQnV5ZXJPbk9yZGVyKgwI74yXzwYQyJbPowEyCG5vZGVqczIwOnYKI2djci5pby9nYWUtcnVudGltZXMvbm9kZWpzMjA6c3RhYmxlEk91cy1jZW50cmFsMS1kb2NrZXIucGtnLmRldi9zZXJ2ZXJsZXNzLXJ1bnRpbWVzL2dvb2dsZS0yMi1mdWxsL3J1bnRpbWVzL25vZGVqczIwQAE="},"serviceConfig":{"environmentVariables":{"RESEND_API_KEY":"re_atfFPVKt_MnQqTyr7w9JR7GLQRABSmmYm","FROM_EMAIL":"PressPlay Nails <onboarding@resend.dev>","ADMIN_EMAIL":"workwithwaleed1@gmail.com","APP_URL":"https://i-waleedd.github.io/","FIREBASE_CONFIG":"{\"projectId\":\"waleed-6d2b1\",\"storageBucket\":\"waleed-6d2b1.firebasestorage.app\"}","GCLOUD_PROJECT":"waleed-6d2b1","EVENTARC_CLOUD_EVENT_SOURCE":"projects/waleed-6d2b1/locations/us-central1/services/notifyCustomerOnPaymentConfirmed","FUNCTION_SIGNATURE_TYPE":"cloudevent","FUNCTION_TARGET":"notifyCustomerOnPaymentConfirmed","LOG_EXECUTION_ID":"true"},"ingressSettings":null,"timeoutSeconds":null,"serviceAccountEmail":null,"availableMemory":"256Mi","minInstanceCount":null,"maxInstanceCount":null,"maxInstanceRequestConcurrency":80,"availableCpu":"1","vpcConnector":null,"vpcConnectorEgressSettings":null,"directVpcNetworkInterface":null,"directVpcEgress":null},"labels":{"deployment-tool":"cli-firebase","firebase-functions-hash":"c79b669699d7546866d56ca63f9e2dc3ed779b66"},"eventTrigger":{"eventType":"google.cloud.firestore.document.v1.updated","retryPolicy":"RETRY_POLICY_DO_NOT_RETRY","eventFilters":[{"attribute":"database","value":"(default)"},{"attribute":"namespace","value":"(default)"},{"attribute":"document","value":"orders/{orderId}","operator":"match-path-pattern"}],"triggerRegion":"nam5"}}
[debug] [2026-04-20T06:23:47.328Z] <<< [apiv2][status] POST https://cloudfunctions.googleapis.com/v2/projects/waleed-6d2b1/locations/us-central1/functions 200
[debug] [2026-04-20T06:23:47.328Z] <<< [apiv2][body] POST https://cloudfunctions.googleapis.com/v2/projects/waleed-6d2b1/locations/us-central1/functions {"name":"projects/waleed-6d2b1/locations/us-central1/operations/operation-1776666227011-64fde57586dec-64135a80-a9876e33","metadata":{"@type":"type.googleapis.com/google.cloud.functions.v2.OperationMetadata","createTime":"2026-04-20T06:23:47.859165441Z","target":"projects/waleed-6d2b1/locations/us-central1/functions/sendManualPaymentAdminAlert","verb":"create","cancelRequested":false,"apiVersion":"v2"},"done":false}
[debug] [2026-04-20T06:23:47.329Z] Checked if tokens are valid: true, expires at: 1776667754484
[debug] [2026-04-20T06:23:47.329Z] Checked if tokens are valid: true, expires at: 1776667754484
[debug] [2026-04-20T06:23:47.329Z] >>> [apiv2][query] GET https://cloudfunctions.googleapis.com/v2/projects/waleed-6d2b1/locations/us-central1/operations/operation-1776666227011-64fde57586dec-64135a80-a9876e33 [none]
[debug] [2026-04-20T06:23:47.386Z] <<< [apiv2][status] POST https://cloudfunctions.googleapis.com/v2/projects/waleed-6d2b1/locations/us-central1/functions 200
[debug] [2026-04-20T06:23:47.386Z] <<< [apiv2][body] POST https://cloudfunctions.googleapis.com/v2/projects/waleed-6d2b1/locations/us-central1/functions {"name":"projects/waleed-6d2b1/locations/us-central1/operations/operation-1776666227149-64fde575a8a21-53ffeb4b-3cc2dc5c","metadata":{"@type":"type.googleapis.com/google.cloud.functions.v2.OperationMetadata","createTime":"2026-04-20T06:23:47.929563688Z","target":"projects/waleed-6d2b1/locations/us-central1/functions/sendNewProductEmail","verb":"create","cancelRequested":false,"apiVersion":"v2"},"done":false}
[debug] [2026-04-20T06:23:47.386Z] Checked if tokens are valid: true, expires at: 1776667754484
[debug] [2026-04-20T06:23:47.386Z] Checked if tokens are valid: true, expires at: 1776667754484
[debug] [2026-04-20T06:23:47.387Z] >>> [apiv2][query] GET https://cloudfunctions.googleapis.com/v2/projects/waleed-6d2b1/locations/us-central1/operations/operation-1776666227149-64fde575a8a21-53ffeb4b-3cc2dc5c [none]
[debug] [2026-04-20T06:23:47.607Z] <<< [apiv2][status] POST https://cloudfunctions.googleapis.com/v2/projects/waleed-6d2b1/locations/us-central1/functions 200
[debug] [2026-04-20T06:23:47.607Z] <<< [apiv2][body] POST https://cloudfunctions.googleapis.com/v2/projects/waleed-6d2b1/locations/us-central1/functions {"name":"projects/waleed-6d2b1/locations/us-central1/operations/operation-1776666227196-64fde575b41c8-3a10f62b-855b0737","metadata":{"@type":"type.googleapis.com/google.cloud.functions.v2.OperationMetadata","createTime":"2026-04-20T06:23:48.084853558Z","target":"projects/waleed-6d2b1/locations/us-central1/functions/notifyCustomerOnPaymentConfirmed","verb":"create","cancelRequested":false,"apiVersion":"v2"},"done":false}
[debug] [2026-04-20T06:23:47.607Z] Checked if tokens are valid: true, expires at: 1776667754484
[debug] [2026-04-20T06:23:47.608Z] Checked if tokens are valid: true, expires at: 1776667754484
[debug] [2026-04-20T06:23:47.608Z] >>> [apiv2][query] GET https://cloudfunctions.googleapis.com/v2/projects/waleed-6d2b1/locations/us-central1/operations/operation-1776666227196-64fde575b41c8-3a10f62b-855b0737 [none]
[debug] [2026-04-20T06:23:47.615Z] <<< [apiv2][status] POST https://cloudfunctions.googleapis.com/v2/projects/waleed-6d2b1/locations/us-central1/functions 200
[debug] [2026-04-20T06:23:47.616Z] <<< [apiv2][body] POST https://cloudfunctions.googleapis.com/v2/projects/waleed-6d2b1/locations/us-central1/functions {"name":"projects/waleed-6d2b1/locations/us-central1/operations/operation-1776666227187-64fde575b1ded-d147aa6a-5ae060c7","metadata":{"@type":"type.googleapis.com/google.cloud.functions.v2.OperationMetadata","createTime":"2026-04-20T06:23:48.146199250Z","target":"projects/waleed-6d2b1/locations/us-central1/functions/sendSaleEmail","verb":"create","cancelRequested":false,"apiVersion":"v2"},"done":false}
[debug] [2026-04-20T06:23:47.616Z] Checked if tokens are valid: true, expires at: 1776667754484
[debug] [2026-04-20T06:23:47.616Z] Checked if tokens are valid: true, expires at: 1776667754484
[debug] [2026-04-20T06:23:47.616Z] >>> [apiv2][query] GET https://cloudfunctions.googleapis.com/v2/projects/waleed-6d2b1/locations/us-central1/operations/operation-1776666227187-64fde575b1ded-d147aa6a-5ae060c7 [none]
[debug] [2026-04-20T06:23:48.221Z] <<< [apiv2][status] GET https://cloudfunctions.googleapis.com/v2/projects/waleed-6d2b1/locations/us-central1/operations/operation-1776666227011-64fde57586dec-64135a80-a9876e33 200
[debug] [2026-04-20T06:23:48.221Z] <<< [apiv2][body] GET https://cloudfunctions.googleapis.com/v2/projects/waleed-6d2b1/locations/us-central1/operations/operation-1776666227011-64fde57586dec-64135a80-a9876e33 {"name":"projects/waleed-6d2b1/locations/us-central1/operations/operation-1776666227011-64fde57586dec-64135a80-a9876e33","metadata":{"@type":"type.googleapis.com/google.cloud.functions.v2.OperationMetadata","createTime":"2026-04-20T06:23:47.859165441Z","target":"projects/waleed-6d2b1/locations/us-central1/functions/sendManualPaymentAdminAlert","verb":"create","cancelRequested":false,"apiVersion":"v2","requestResource":{"@type":"type.googleapis.com/google.cloud.functions.v2.Function","name":"projects/waleed-6d2b1/locations/us-central1/functions/sendManualPaymentAdminAlert","buildConfig":{"runtime":"nodejs20","entryPoint":"sendManualPaymentAdminAlert","source":{"storageSource":{"bucket":"gcf-v2-sources-41201313634-us-central1","object":"sendManualPaymentAdminAlert/function-source.zip","generation":"1776666227246934"}},"environmentVariables":{"GOOGLE_NODE_RUN_SCRIPTS":""},"sourceToken":"ClZwcm9qZWN0cy80MTIwMTMxMzYzNC9sb2NhdGlvbnMvdXMtY2VudHJhbDEvYnVpbGRzLzk4NjdmMzE3LWUyNzEtNDA3Yy1iOTUxLTY5Njk2M2RhNzA0YxJ6dXMtY2VudHJhbDEtZG9ja2VyLnBrZy5kZXYvd2FsZWVkLTZkMmIxL2djZi1hcnRpZmFjdHMvd2FsZWVkLS02ZDJiMV9fdXMtLWNlbnRyYWwxX19hdXRvX3N1YnNjcmliZV9idXllcl9vbl9vcmRlcjp2ZXJzaW9uXzEY4s6ovpkBIk9wcm9qZWN0cy93YWxlZWQtNmQyYjEvbG9jYXRpb25zL3VzLWNlbnRyYWwxL2Z1bmN0aW9ucy9hdXRvU3Vic2NyaWJlQnV5ZXJPbk9yZGVyKgwI74yXzwYQyJbPowEyCG5vZGVqczIwOnYKI2djci5pby9nYWUtcnVudGltZXMvbm9kZWpzMjA6c3RhYmxlEk91cy1jZW50cmFsMS1kb2NrZXIucGtnLmRldi9zZXJ2ZXJsZXNzLXJ1bnRpbWVzL2dvb2dsZS0yMi1mdWxsL3J1bnRpbWVzL25vZGVqczIwQAE=","serviceAccount":"projects/waleed-6d2b1/serviceAccounts/41201313634-compute@developer.gserviceaccount.com","automaticUpdatePolicy":{}},"serviceConfig":{"service":"projects/waleed-6d2b1/locations/us-central1/services/sendmanualpaymentadminalert","timeoutSeconds":60,"environmentVariables":{"RESEND_API_KEY":"re_atfFPVKt_MnQqTyr7w9JR7GLQRABSmmYm","FROM_EMAIL":"PressPlay Nails <onboarding@resend.dev>","ADMIN_EMAIL":"workwithwaleed1@gmail.com","APP_URL":"https://i-waleedd.github.io/","FIREBASE_CONFIG":"{\"projectId\":\"waleed-6d2b1\",\"storageBucket\":\"waleed-6d2b1.firebasestorage.app\"}","GCLOUD_PROJECT":"waleed-6d2b1","EVENTARC_CLOUD_EVENT_SOURCE":"projects/waleed-6d2b1/locations/us-central1/services/sendManualPaymentAdminAlert","FUNCTION_SIGNATURE_TYPE":"cloudevent","FUNCTION_TARGET":"sendManualPaymentAdminAlert","LOG_EXECUTION_ID":"true"},"ingressSettings":"ALLOW_ALL","serviceAccountEmail":"41201313634-compute@developer.gserviceaccount.com","availableMemory":"256Mi","maxInstanceRequestConcurrency":80,"availableCpu":"1"},"eventTrigger":{"trigger":"projects/waleed-6d2b1/locations/nam5/triggers/sendmanualpaymentadminalert-564148","triggerRegion":"nam5","eventType":"google.cloud.firestore.document.v1.created","eventFilters":[{"attribute":"database","value":"(default)"},{"attribute":"namespace","value":"(default)"},{"attribute":"document","value":"orders/{orderId}","operator":"match-path-pattern"}],"serviceAccountEmail":"41201313634-compute@developer.gserviceaccount.com","retryPolicy":"RETRY_POLICY_DO_NOT_RETRY"},"labels":{"deployment-tool":"cli-firebase","firebase-functions-hash":"c79b669699d7546866d56ca63f9e2dc3ed779b66"},"environment":"GEN_2"},"stages":[{"name":"BUILD","message":"Reusing build","state":"COMPLETE","resource":"projects/41201313634/locations/us-central1/builds/9867f317-e271-407c-b951-696963da704c","stateMessages":[{"severity":"WARNING","type":"BuildAnalysisWarning","message":"Node.js 20 is no longer supported by the Node.js community as of 30 April, 2026. Node.js 20 will be deprecated on 2026-04-30. We recommend you to upgrade to the latest version of Node.js as soon as possible."}]},{"name":"SERVICE","message":"Creating Cloud Run service","state":"IN_PROGRESS","resource":"projects/waleed-6d2b1/locations/us-central1/services/sendmanualpaymentadminalert","resourceUri":"https://console.cloud.google.com/run/detail/us-central1/sendmanualpaymentadminalert?project=waleed-6d2b1"},{"name":"TRIGGER","state":"NOT_STARTED"}],"sourceToken":"ClZwcm9qZWN0cy80MTIwMTMxMzYzNC9sb2NhdGlvbnMvdXMtY2VudHJhbDEvYnVpbGRzLzk4NjdmMzE3LWUyNzEtNDA3Yy1iOTUxLTY5Njk2M2RhNzA0YxJ6dXMtY2VudHJhbDEtZG9ja2VyLnBrZy5kZXYvd2FsZWVkLTZkMmIxL2djZi1hcnRpZmFjdHMvd2FsZWVkLS02ZDJiMV9fdXMtLWNlbnRyYWwxX19hdXRvX3N1YnNjcmliZV9idXllcl9vbl9vcmRlcjp2ZXJzaW9uXzEY4s6ovpkBIk9wcm9qZWN0cy93YWxlZWQtNmQyYjEvbG9jYXRpb25zL3VzLWNlbnRyYWwxL2Z1bmN0aW9ucy9hdXRvU3Vic2NyaWJlQnV5ZXJPbk9yZGVyKgwI74yXzwYQyJbPowEyCG5vZGVqczIwOnYKI2djci5pby9nYWUtcnVudGltZXMvbm9kZWpzMjA6c3RhYmxlEk91cy1jZW50cmFsMS1kb2NrZXIucGtnLmRldi9zZXJ2ZXJsZXNzLXJ1bnRpbWVzL2dvb2dsZS0yMi1mdWxsL3J1bnRpbWVzL25vZGVqczIwQAE=","operationType":"CREATE_FUNCTION","buildName":"projects/41201313634/locations/us-central1/builds/9867f317-e271-407c-b951-696963da704c"},"done":false}
[debug] [2026-04-20T06:23:48.222Z] Got source token ClZwcm9qZWN0cy80MTIwMTMxMzYzNC9sb2NhdGlvbnMvdXMtY2VudHJhbDEvYnVpbGRzLzk4NjdmMzE3LWUyNzEtNDA3Yy1iOTUxLTY5Njk2M2RhNzA0YxJ6dXMtY2VudHJhbDEtZG9ja2VyLnBrZy5kZXYvd2FsZWVkLTZkMmIxL2djZi1hcnRpZmFjdHMvd2FsZWVkLS02ZDJiMV9fdXMtLWNlbnRyYWwxX19hdXRvX3N1YnNjcmliZV9idXllcl9vbl9vcmRlcjp2ZXJzaW9uXzEY4s6ovpkBIk9wcm9qZWN0cy93YWxlZWQtNmQyYjEvbG9jYXRpb25zL3VzLWNlbnRyYWwxL2Z1bmN0aW9ucy9hdXRvU3Vic2NyaWJlQnV5ZXJPbk9yZGVyKgwI74yXzwYQyJbPowEyCG5vZGVqczIwOnYKI2djci5pby9nYWUtcnVudGltZXMvbm9kZWpzMjA6c3RhYmxlEk91cy1jZW50cmFsMS1kb2NrZXIucGtnLmRldi9zZXJ2ZXJsZXNzLXJ1bnRpbWVzL2dvb2dsZS0yMi1mdWxsL3J1bnRpbWVzL25vZGVqczIwQAE= for region us-central1
[debug] [2026-04-20T06:23:48.248Z] <<< [apiv2][status] GET https://cloudfunctions.googleapis.com/v2/projects/waleed-6d2b1/locations/us-central1/operations/operation-1776666227149-64fde575a8a21-53ffeb4b-3cc2dc5c 200
[debug] [2026-04-20T06:23:48.249Z] <<< [apiv2][body] GET https://cloudfunctions.googleapis.com/v2/projects/waleed-6d2b1/locations/us-central1/operations/operation-1776666227149-64fde575a8a21-53ffeb4b-3cc2dc5c {"name":"projects/waleed-6d2b1/locations/us-central1/operations/operation-1776666227149-64fde575a8a21-53ffeb4b-3cc2dc5c","metadata":{"@type":"type.googleapis.com/google.cloud.functions.v2.OperationMetadata","createTime":"2026-04-20T06:23:47.929563688Z","target":"projects/waleed-6d2b1/locations/us-central1/functions/sendNewProductEmail","verb":"create","cancelRequested":false,"apiVersion":"v2","requestResource":{"@type":"type.googleapis.com/google.cloud.functions.v2.Function","name":"projects/waleed-6d2b1/locations/us-central1/functions/sendNewProductEmail","buildConfig":{"runtime":"nodejs20","entryPoint":"sendNewProductEmail","source":{"storageSource":{"bucket":"gcf-v2-sources-41201313634-us-central1","object":"sendNewProductEmail/function-source.zip","generation":"1776666227359179"}},"environmentVariables":{"GOOGLE_NODE_RUN_SCRIPTS":""},"sourceToken":"ClZwcm9qZWN0cy80MTIwMTMxMzYzNC9sb2NhdGlvbnMvdXMtY2VudHJhbDEvYnVpbGRzLzk4NjdmMzE3LWUyNzEtNDA3Yy1iOTUxLTY5Njk2M2RhNzA0YxJ6dXMtY2VudHJhbDEtZG9ja2VyLnBrZy5kZXYvd2FsZWVkLTZkMmIxL2djZi1hcnRpZmFjdHMvd2FsZWVkLS02ZDJiMV9fdXMtLWNlbnRyYWwxX19hdXRvX3N1YnNjcmliZV9idXllcl9vbl9vcmRlcjp2ZXJzaW9uXzEY4s6ovpkBIk9wcm9qZWN0cy93YWxlZWQtNmQyYjEvbG9jYXRpb25zL3VzLWNlbnRyYWwxL2Z1bmN0aW9ucy9hdXRvU3Vic2NyaWJlQnV5ZXJPbk9yZGVyKgwI74yXzwYQyJbPowEyCG5vZGVqczIwOnYKI2djci5pby9nYWUtcnVudGltZXMvbm9kZWpzMjA6c3RhYmxlEk91cy1jZW50cmFsMS1kb2NrZXIucGtnLmRldi9zZXJ2ZXJsZXNzLXJ1bnRpbWVzL2dvb2dsZS0yMi1mdWxsL3J1bnRpbWVzL25vZGVqczIwQAE=","serviceAccount":"projects/waleed-6d2b1/serviceAccounts/41201313634-compute@developer.gserviceaccount.com","automaticUpdatePolicy":{}},"serviceConfig":{"service":"projects/waleed-6d2b1/locations/us-central1/services/sendnewproductemail","timeoutSeconds":60,"environmentVariables":{"RESEND_API_KEY":"re_atfFPVKt_MnQqTyr7w9JR7GLQRABSmmYm","FROM_EMAIL":"PressPlay Nails <onboarding@resend.dev>","ADMIN_EMAIL":"workwithwaleed1@gmail.com","APP_URL":"https://i-waleedd.github.io/","FIREBASE_CONFIG":"{\"projectId\":\"waleed-6d2b1\",\"storageBucket\":\"waleed-6d2b1.firebasestorage.app\"}","GCLOUD_PROJECT":"waleed-6d2b1","EVENTARC_CLOUD_EVENT_SOURCE":"projects/waleed-6d2b1/locations/us-central1/services/sendNewProductEmail","FUNCTION_SIGNATURE_TYPE":"cloudevent","FUNCTION_TARGET":"sendNewProductEmail","LOG_EXECUTION_ID":"true"},"ingressSettings":"ALLOW_ALL","serviceAccountEmail":"41201313634-compute@developer.gserviceaccount.com","availableMemory":"256Mi","maxInstanceRequestConcurrency":80,"availableCpu":"1"},"eventTrigger":{"trigger":"projects/waleed-6d2b1/locations/nam5/triggers/sendnewproductemail-552624","triggerRegion":"nam5","eventType":"google.cloud.firestore.document.v1.created","eventFilters":[{"attribute":"database","value":"(default)"},{"attribute":"namespace","value":"(default)"},{"attribute":"document","value":"products/{productId}","operator":"match-path-pattern"}],"serviceAccountEmail":"41201313634-compute@developer.gserviceaccount.com","retryPolicy":"RETRY_POLICY_DO_NOT_RETRY"},"labels":{"deployment-tool":"cli-firebase","firebase-functions-hash":"c79b669699d7546866d56ca63f9e2dc3ed779b66"},"environment":"GEN_2"},"stages":[{"name":"BUILD","message":"Reusing build","state":"COMPLETE","resource":"projects/41201313634/locations/us-central1/builds/9867f317-e271-407c-b951-696963da704c","stateMessages":[{"severity":"WARNING","type":"BuildAnalysisWarning","message":"Node.js 20 is no longer supported by the Node.js community as of 30 April, 2026. Node.js 20 will be deprecated on 2026-04-30. We recommend you to upgrade to the latest version of Node.js as soon as possible."}]},{"name":"SERVICE","message":"Creating Cloud Run service","state":"IN_PROGRESS","resource":"projects/waleed-6d2b1/locations/us-central1/services/sendnewproductemail","resourceUri":"https://console.cloud.google.com/run/detail/us-central1/sendnewproductemail?project=waleed-6d2b1"},{"name":"TRIGGER","state":"NOT_STARTED"}],"sourceToken":"ClZwcm9qZWN0cy80MTIwMTMxMzYzNC9sb2NhdGlvbnMvdXMtY2VudHJhbDEvYnVpbGRzLzk4NjdmMzE3LWUyNzEtNDA3Yy1iOTUxLTY5Njk2M2RhNzA0YxJ6dXMtY2VudHJhbDEtZG9ja2VyLnBrZy5kZXYvd2FsZWVkLTZkMmIxL2djZi1hcnRpZmFjdHMvd2FsZWVkLS02ZDJiMV9fdXMtLWNlbnRyYWwxX19hdXRvX3N1YnNjcmliZV9idXllcl9vbl9vcmRlcjp2ZXJzaW9uXzEY4s6ovpkBIk9wcm9qZWN0cy93YWxlZWQtNmQyYjEvbG9jYXRpb25zL3VzLWNlbnRyYWwxL2Z1bmN0aW9ucy9hdXRvU3Vic2NyaWJlQnV5ZXJPbk9yZGVyKgwI74yXzwYQyJbPowEyCG5vZGVqczIwOnYKI2djci5pby9nYWUtcnVudGltZXMvbm9kZWpzMjA6c3RhYmxlEk91cy1jZW50cmFsMS1kb2NrZXIucGtnLmRldi9zZXJ2ZXJsZXNzLXJ1bnRpbWVzL2dvb2dsZS0yMi1mdWxsL3J1bnRpbWVzL25vZGVqczIwQAE=","operationType":"CREATE_FUNCTION","buildName":"projects/41201313634/locations/us-central1/builds/9867f317-e271-407c-b951-696963da704c"},"done":false}
[debug] [2026-04-20T06:23:48.250Z] Got source token ClZwcm9qZWN0cy80MTIwMTMxMzYzNC9sb2NhdGlvbnMvdXMtY2VudHJhbDEvYnVpbGRzLzk4NjdmMzE3LWUyNzEtNDA3Yy1iOTUxLTY5Njk2M2RhNzA0YxJ6dXMtY2VudHJhbDEtZG9ja2VyLnBrZy5kZXYvd2FsZWVkLTZkMmIxL2djZi1hcnRpZmFjdHMvd2FsZWVkLS02ZDJiMV9fdXMtLWNlbnRyYWwxX19hdXRvX3N1YnNjcmliZV9idXllcl9vbl9vcmRlcjp2ZXJzaW9uXzEY4s6ovpkBIk9wcm9qZWN0cy93YWxlZWQtNmQyYjEvbG9jYXRpb25zL3VzLWNlbnRyYWwxL2Z1bmN0aW9ucy9hdXRvU3Vic2NyaWJlQnV5ZXJPbk9yZGVyKgwI74yXzwYQyJbPowEyCG5vZGVqczIwOnYKI2djci5pby9nYWUtcnVudGltZXMvbm9kZWpzMjA6c3RhYmxlEk91cy1jZW50cmFsMS1kb2NrZXIucGtnLmRldi9zZXJ2ZXJsZXNzLXJ1bnRpbWVzL2dvb2dsZS0yMi1mdWxsL3J1bnRpbWVzL25vZGVqczIwQAE= for region us-central1
[debug] [2026-04-20T06:23:48.531Z] <<< [apiv2][status] GET https://cloudfunctions.googleapis.com/v2/projects/waleed-6d2b1/locations/us-central1/operations/operation-1776666227196-64fde575b41c8-3a10f62b-855b0737 200
[debug] [2026-04-20T06:23:48.531Z] <<< [apiv2][body] GET https://cloudfunctions.googleapis.com/v2/projects/waleed-6d2b1/locations/us-central1/operations/operation-1776666227196-64fde575b41c8-3a10f62b-855b0737 {"name":"projects/waleed-6d2b1/locations/us-central1/operations/operation-1776666227196-64fde575b41c8-3a10f62b-855b0737","metadata":{"@type":"type.googleapis.com/google.cloud.functions.v2.OperationMetadata","createTime":"2026-04-20T06:23:48.084853558Z","target":"projects/waleed-6d2b1/locations/us-central1/functions/notifyCustomerOnPaymentConfirmed","verb":"create","cancelRequested":false,"apiVersion":"v2","requestResource":{"@type":"type.googleapis.com/google.cloud.functions.v2.Function","name":"projects/waleed-6d2b1/locations/us-central1/functions/notifyCustomerOnPaymentConfirmed","buildConfig":{"runtime":"nodejs20","entryPoint":"notifyCustomerOnPaymentConfirmed","source":{"storageSource":{"bucket":"gcf-v2-sources-41201313634-us-central1","object":"notifyCustomerOnPaymentConfirmed/function-source.zip","generation":"1776666227413362"}},"environmentVariables":{"GOOGLE_NODE_RUN_SCRIPTS":""},"sourceToken":"ClZwcm9qZWN0cy80MTIwMTMxMzYzNC9sb2NhdGlvbnMvdXMtY2VudHJhbDEvYnVpbGRzLzk4NjdmMzE3LWUyNzEtNDA3Yy1iOTUxLTY5Njk2M2RhNzA0YxJ6dXMtY2VudHJhbDEtZG9ja2VyLnBrZy5kZXYvd2FsZWVkLTZkMmIxL2djZi1hcnRpZmFjdHMvd2FsZWVkLS02ZDJiMV9fdXMtLWNlbnRyYWwxX19hdXRvX3N1YnNjcmliZV9idXllcl9vbl9vcmRlcjp2ZXJzaW9uXzEY4s6ovpkBIk9wcm9qZWN0cy93YWxlZWQtNmQyYjEvbG9jYXRpb25zL3VzLWNlbnRyYWwxL2Z1bmN0aW9ucy9hdXRvU3Vic2NyaWJlQnV5ZXJPbk9yZGVyKgwI74yXzwYQyJbPowEyCG5vZGVqczIwOnYKI2djci5pby9nYWUtcnVudGltZXMvbm9kZWpzMjA6c3RhYmxlEk91cy1jZW50cmFsMS1kb2NrZXIucGtnLmRldi9zZXJ2ZXJsZXNzLXJ1bnRpbWVzL2dvb2dsZS0yMi1mdWxsL3J1bnRpbWVzL25vZGVqczIwQAE=","serviceAccount":"projects/waleed-6d2b1/serviceAccounts/41201313634-compute@developer.gserviceaccount.com","automaticUpdatePolicy":{}},"serviceConfig":{"service":"projects/waleed-6d2b1/locations/us-central1/services/notifycustomeronpaymentconfirmed","timeoutSeconds":60,"environmentVariables":{"RESEND_API_KEY":"re_atfFPVKt_MnQqTyr7w9JR7GLQRABSmmYm","FROM_EMAIL":"PressPlay Nails <onboarding@resend.dev>","ADMIN_EMAIL":"workwithwaleed1@gmail.com","APP_URL":"https://i-waleedd.github.io/","FIREBASE_CONFIG":"{\"projectId\":\"waleed-6d2b1\",\"storageBucket\":\"waleed-6d2b1.firebasestorage.app\"}","GCLOUD_PROJECT":"waleed-6d2b1","EVENTARC_CLOUD_EVENT_SOURCE":"projects/waleed-6d2b1/locations/us-central1/services/notifyCustomerOnPaymentConfirmed","FUNCTION_SIGNATURE_TYPE":"cloudevent","FUNCTION_TARGET":"notifyCustomerOnPaymentConfirmed","LOG_EXECUTION_ID":"true"},"ingressSettings":"ALLOW_ALL","serviceAccountEmail":"41201313634-compute@developer.gserviceaccount.com","availableMemory":"256Mi","maxInstanceRequestConcurrency":80,"availableCpu":"1"},"eventTrigger":{"trigger":"projects/waleed-6d2b1/locations/nam5/triggers/notifycustomeronpaymentconfirmed-217383","triggerRegion":"nam5","eventType":"google.cloud.firestore.document.v1.updated","eventFilters":[{"attribute":"database","value":"(default)"},{"attribute":"namespace","value":"(default)"},{"attribute":"document","value":"orders/{orderId}","operator":"match-path-pattern"}],"serviceAccountEmail":"41201313634-compute@developer.gserviceaccount.com","retryPolicy":"RETRY_POLICY_DO_NOT_RETRY"},"labels":{"deployment-tool":"cli-firebase","firebase-functions-hash":"c79b669699d7546866d56ca63f9e2dc3ed779b66"},"environment":"GEN_2"},"stages":[{"name":"BUILD","message":"Reusing build","state":"COMPLETE","resource":"projects/41201313634/locations/us-central1/builds/9867f317-e271-407c-b951-696963da704c","stateMessages":[{"severity":"WARNING","type":"BuildAnalysisWarning","message":"Node.js 20 is no longer supported by the Node.js community as of 30 April, 2026. Node.js 20 will be deprecated on 2026-04-30. We recommend you to upgrade to the latest version of Node.js as soon as possible."}]},{"name":"SERVICE","message":"Creating Cloud Run service","state":"IN_PROGRESS","resource":"projects/waleed-6d2b1/locations/us-central1/services/notifycustomeronpaymentconfirmed","resourceUri":"https://console.cloud.google.com/run/detail/us-central1/notifycustomeronpaymentconfirmed?project=waleed-6d2b1"},{"name":"TRIGGER","state":"NOT_STARTED"}],"sourceToken":"ClZwcm9qZWN0cy80MTIwMTMxMzYzNC9sb2NhdGlvbnMvdXMtY2VudHJhbDEvYnVpbGRzLzk4NjdmMzE3LWUyNzEtNDA3Yy1iOTUxLTY5Njk2M2RhNzA0YxJ6dXMtY2VudHJhbDEtZG9ja2VyLnBrZy5kZXYvd2FsZWVkLTZkMmIxL2djZi1hcnRpZmFjdHMvd2FsZWVkLS02ZDJiMV9fdXMtLWNlbnRyYWwxX19hdXRvX3N1YnNjcmliZV9idXllcl9vbl9vcmRlcjp2ZXJzaW9uXzEY4s6ovpkBIk9wcm9qZWN0cy93YWxlZWQtNmQyYjEvbG9jYXRpb25zL3VzLWNlbnRyYWwxL2Z1bmN0aW9ucy9hdXRvU3Vic2NyaWJlQnV5ZXJPbk9yZGVyKgwI74yXzwYQyJbPowEyCG5vZGVqczIwOnYKI2djci5pby9nYWUtcnVudGltZXMvbm9kZWpzMjA6c3RhYmxlEk91cy1jZW50cmFsMS1kb2NrZXIucGtnLmRldi9zZXJ2ZXJsZXNzLXJ1bnRpbWVzL2dvb2dsZS0yMi1mdWxsL3J1bnRpbWVzL25vZGVqczIwQAE=","operationType":"CREATE_FUNCTION","buildName":"projects/41201313634/locations/us-central1/builds/9867f317-e271-407c-b951-696963da704c"},"done":false}
[debug] [2026-04-20T06:23:48.532Z] Got source token ClZwcm9qZWN0cy80MTIwMTMxMzYzNC9sb2NhdGlvbnMvdXMtY2VudHJhbDEvYnVpbGRzLzk4NjdmMzE3LWUyNzEtNDA3Yy1iOTUxLTY5Njk2M2RhNzA0YxJ6dXMtY2VudHJhbDEtZG9ja2VyLnBrZy5kZXYvd2FsZWVkLTZkMmIxL2djZi1hcnRpZmFjdHMvd2FsZWVkLS02ZDJiMV9fdXMtLWNlbnRyYWwxX19hdXRvX3N1YnNjcmliZV9idXllcl9vbl9vcmRlcjp2ZXJzaW9uXzEY4s6ovpkBIk9wcm9qZWN0cy93YWxlZWQtNmQyYjEvbG9jYXRpb25zL3VzLWNlbnRyYWwxL2Z1bmN0aW9ucy9hdXRvU3Vic2NyaWJlQnV5ZXJPbk9yZGVyKgwI74yXzwYQyJbPowEyCG5vZGVqczIwOnYKI2djci5pby9nYWUtcnVudGltZXMvbm9kZWpzMjA6c3RhYmxlEk91cy1jZW50cmFsMS1kb2NrZXIucGtnLmRldi9zZXJ2ZXJsZXNzLXJ1bnRpbWVzL2dvb2dsZS0yMi1mdWxsL3J1bnRpbWVzL25vZGVqczIwQAE= for region us-central1
[debug] [2026-04-20T06:23:48.535Z] <<< [apiv2][status] GET https://cloudfunctions.googleapis.com/v2/projects/waleed-6d2b1/locations/us-central1/operations/operation-1776666227187-64fde575b1ded-d147aa6a-5ae060c7 200
[debug] [2026-04-20T06:23:48.536Z] <<< [apiv2][body] GET https://cloudfunctions.googleapis.com/v2/projects/waleed-6d2b1/locations/us-central1/operations/operation-1776666227187-64fde575b1ded-d147aa6a-5ae060c7 {"name":"projects/waleed-6d2b1/locations/us-central1/operations/operation-1776666227187-64fde575b1ded-d147aa6a-5ae060c7","metadata":{"@type":"type.googleapis.com/google.cloud.functions.v2.OperationMetadata","createTime":"2026-04-20T06:23:48.146199250Z","target":"projects/waleed-6d2b1/locations/us-central1/functions/sendSaleEmail","verb":"create","cancelRequested":false,"apiVersion":"v2","requestResource":{"@type":"type.googleapis.com/google.cloud.functions.v2.Function","name":"projects/waleed-6d2b1/locations/us-central1/functions/sendSaleEmail","buildConfig":{"runtime":"nodejs20","entryPoint":"sendSaleEmail","source":{"storageSource":{"bucket":"gcf-v2-sources-41201313634-us-central1","object":"sendSaleEmail/function-source.zip","generation":"1776666227406316"}},"environmentVariables":{"GOOGLE_NODE_RUN_SCRIPTS":""},"sourceToken":"ClZwcm9qZWN0cy80MTIwMTMxMzYzNC9sb2NhdGlvbnMvdXMtY2VudHJhbDEvYnVpbGRzLzk4NjdmMzE3LWUyNzEtNDA3Yy1iOTUxLTY5Njk2M2RhNzA0YxJ6dXMtY2VudHJhbDEtZG9ja2VyLnBrZy5kZXYvd2FsZWVkLTZkMmIxL2djZi1hcnRpZmFjdHMvd2FsZWVkLS02ZDJiMV9fdXMtLWNlbnRyYWwxX19hdXRvX3N1YnNjcmliZV9idXllcl9vbl9vcmRlcjp2ZXJzaW9uXzEY4s6ovpkBIk9wcm9qZWN0cy93YWxlZWQtNmQyYjEvbG9jYXRpb25zL3VzLWNlbnRyYWwxL2Z1bmN0aW9ucy9hdXRvU3Vic2NyaWJlQnV5ZXJPbk9yZGVyKgwI74yXzwYQyJbPowEyCG5vZGVqczIwOnYKI2djci5pby9nYWUtcnVudGltZXMvbm9kZWpzMjA6c3RhYmxlEk91cy1jZW50cmFsMS1kb2NrZXIucGtnLmRldi9zZXJ2ZXJsZXNzLXJ1bnRpbWVzL2dvb2dsZS0yMi1mdWxsL3J1bnRpbWVzL25vZGVqczIwQAE=","serviceAccount":"projects/waleed-6d2b1/serviceAccounts/41201313634-compute@developer.gserviceaccount.com","automaticUpdatePolicy":{}},"serviceConfig":{"service":"projects/waleed-6d2b1/locations/us-central1/services/sendsaleemail","timeoutSeconds":60,"environmentVariables":{"RESEND_API_KEY":"re_atfFPVKt_MnQqTyr7w9JR7GLQRABSmmYm","FROM_EMAIL":"PressPlay Nails <onboarding@resend.dev>","ADMIN_EMAIL":"workwithwaleed1@gmail.com","APP_URL":"https://i-waleedd.github.io/","FIREBASE_CONFIG":"{\"projectId\":\"waleed-6d2b1\",\"storageBucket\":\"waleed-6d2b1.firebasestorage.app\"}","GCLOUD_PROJECT":"waleed-6d2b1","EVENTARC_CLOUD_EVENT_SOURCE":"projects/waleed-6d2b1/locations/us-central1/services/sendSaleEmail","FUNCTION_SIGNATURE_TYPE":"cloudevent","FUNCTION_TARGET":"sendSaleEmail","LOG_EXECUTION_ID":"true"},"ingressSettings":"ALLOW_ALL","serviceAccountEmail":"41201313634-compute@developer.gserviceaccount.com","availableMemory":"256Mi","maxInstanceRequestConcurrency":80,"availableCpu":"1"},"eventTrigger":{"trigger":"projects/waleed-6d2b1/locations/nam5/triggers/sendsaleemail-260711","triggerRegion":"nam5","eventType":"google.cloud.firestore.document.v1.updated","eventFilters":[{"attribute":"database","value":"(default)"},{"attribute":"namespace","value":"(default)"},{"attribute":"document","value":"products/{productId}","operator":"match-path-pattern"}],"serviceAccountEmail":"41201313634-compute@developer.gserviceaccount.com","retryPolicy":"RETRY_POLICY_DO_NOT_RETRY"},"labels":{"deployment-tool":"cli-firebase","firebase-functions-hash":"c79b669699d7546866d56ca63f9e2dc3ed779b66"},"environment":"GEN_2"},"stages":[{"name":"BUILD","message":"Reusing build","state":"COMPLETE","resource":"projects/41201313634/locations/us-central1/builds/9867f317-e271-407c-b951-696963da704c","stateMessages":[{"severity":"WARNING","type":"BuildAnalysisWarning","message":"Node.js 20 is no longer supported by the Node.js community as of 30 April, 2026. Node.js 20 will be deprecated on 2026-04-30. We recommend you to upgrade to the latest version of Node.js as soon as possible."}]},{"name":"SERVICE","message":"Creating Cloud Run service","state":"IN_PROGRESS","resource":"projects/waleed-6d2b1/locations/us-central1/services/sendsaleemail","resourceUri":"https://console.cloud.google.com/run/detail/us-central1/sendsaleemail?project=waleed-6d2b1"},{"name":"TRIGGER","state":"NOT_STARTED"}],"sourceToken":"ClZwcm9qZWN0cy80MTIwMTMxMzYzNC9sb2NhdGlvbnMvdXMtY2VudHJhbDEvYnVpbGRzLzk4NjdmMzE3LWUyNzEtNDA3Yy1iOTUxLTY5Njk2M2RhNzA0YxJ6dXMtY2VudHJhbDEtZG9ja2VyLnBrZy5kZXYvd2FsZWVkLTZkMmIxL2djZi1hcnRpZmFjdHMvd2FsZWVkLS02ZDJiMV9fdXMtLWNlbnRyYWwxX19hdXRvX3N1YnNjcmliZV9idXllcl9vbl9vcmRlcjp2ZXJzaW9uXzEY4s6ovpkBIk9wcm9qZWN0cy93YWxlZWQtNmQyYjEvbG9jYXRpb25zL3VzLWNlbnRyYWwxL2Z1bmN0aW9ucy9hdXRvU3Vic2NyaWJlQnV5ZXJPbk9yZGVyKgwI74yXzwYQyJbPowEyCG5vZGVqczIwOnYKI2djci5pby9nYWUtcnVudGltZXMvbm9kZWpzMjA6c3RhYmxlEk91cy1jZW50cmFsMS1kb2NrZXIucGtnLmRldi9zZXJ2ZXJsZXNzLXJ1bnRpbWVzL2dvb2dsZS0yMi1mdWxsL3J1bnRpbWVzL25vZGVqczIwQAE=","operationType":"CREATE_FUNCTION","buildName":"projects/41201313634/locations/us-central1/builds/9867f317-e271-407c-b951-696963da704c"},"done":false}
[debug] [2026-04-20T06:23:48.536Z] Got source token ClZwcm9qZWN0cy80MTIwMTMxMzYzNC9sb2NhdGlvbnMvdXMtY2VudHJhbDEvYnVpbGRzLzk4NjdmMzE3LWUyNzEtNDA3Yy1iOTUxLTY5Njk2M2RhNzA0YxJ6dXMtY2VudHJhbDEtZG9ja2VyLnBrZy5kZXYvd2FsZWVkLTZkMmIxL2djZi1hcnRpZmFjdHMvd2FsZWVkLS02ZDJiMV9fdXMtLWNlbnRyYWwxX19hdXRvX3N1YnNjcmliZV9idXllcl9vbl9vcmRlcjp2ZXJzaW9uXzEY4s6ovpkBIk9wcm9qZWN0cy93YWxlZWQtNmQyYjEvbG9jYXRpb25zL3VzLWNlbnRyYWwxL2Z1bmN0aW9ucy9hdXRvU3Vic2NyaWJlQnV5ZXJPbk9yZGVyKgwI74yXzwYQyJbPowEyCG5vZGVqczIwOnYKI2djci5pby9nYWUtcnVudGltZXMvbm9kZWpzMjA6c3RhYmxlEk91cy1jZW50cmFsMS1kb2NrZXIucGtnLmRldi9zZXJ2ZXJsZXNzLXJ1bnRpbWVzL2dvb2dsZS0yMi1mdWxsL3J1bnRpbWVzL25vZGVqczIwQAE= for region us-central1
[debug] [2026-04-20T06:23:48.724Z] [create-default-us-central1-sendManualPaymentAdminAlert] Retrying task index 0
[debug] [2026-04-20T06:23:48.725Z] Checked if tokens are valid: true, expires at: 1776667754484
[debug] [2026-04-20T06:23:48.725Z] Checked if tokens are valid: true, expires at: 1776667754484
[debug] [2026-04-20T06:23:48.725Z] >>> [apiv2][query] GET https://cloudfunctions.googleapis.com/v2/projects/waleed-6d2b1/locations/us-central1/operations/operation-1776666227011-64fde57586dec-64135a80-a9876e33 [none]
[debug] [2026-04-20T06:23:48.756Z] [create-default-us-central1-sendNewProductEmail] Retrying task index 0
[debug] [2026-04-20T06:23:48.757Z] Checked if tokens are valid: true, expires at: 1776667754484
[debug] [2026-04-20T06:23:48.757Z] Checked if tokens are valid: true, expires at: 1776667754484
[debug] [2026-04-20T06:23:48.757Z] >>> [apiv2][query] GET https://cloudfunctions.googleapis.com/v2/projects/waleed-6d2b1/locations/us-central1/operations/operation-1776666227149-64fde575a8a21-53ffeb4b-3cc2dc5c [none]
[debug] [2026-04-20T06:23:49.036Z] [create-default-us-central1-notifyCustomerOnPaymentConfirmed] Retrying task index 0
[debug] [2026-04-20T06:23:49.037Z] Checked if tokens are valid: true, expires at: 1776667754484
[debug] [2026-04-20T06:23:49.037Z] Checked if tokens are valid: true, expires at: 1776667754484
[debug] [2026-04-20T06:23:49.037Z] >>> [apiv2][query] GET https://cloudfunctions.googleapis.com/v2/projects/waleed-6d2b1/locations/us-central1/operations/operation-1776666227196-64fde575b41c8-3a10f62b-855b0737 [none]
[debug] [2026-04-20T06:23:49.039Z] [create-default-us-central1-sendSaleEmail] Retrying task index 0
[debug] [2026-04-20T06:23:49.040Z] Checked if tokens are valid: true, expires at: 1776667754484
[debug] [2026-04-20T06:23:49.040Z] Checked if tokens are valid: true, expires at: 1776667754484
[debug] [2026-04-20T06:23:49.040Z] >>> [apiv2][query] GET https://cloudfunctions.googleapis.com/v2/projects/waleed-6d2b1/locations/us-central1/operations/operation-1776666227187-64fde575b1ded-d147aa6a-5ae060c7 [none]
[debug] [2026-04-20T06:23:49.655Z] <<< [apiv2][status] GET https://cloudfunctions.googleapis.com/v2/projects/waleed-6d2b1/locations/us-central1/operations/operation-1776666227011-64fde57586dec-64135a80-a9876e33 200
[debug] [2026-04-20T06:23:49.655Z] <<< [apiv2][body] GET https://cloudfunctions.googleapis.com/v2/projects/waleed-6d2b1/locations/us-central1/operations/operation-1776666227011-64fde57586dec-64135a80-a9876e33 {"name":"projects/waleed-6d2b1/locations/us-central1/operations/operation-1776666227011-64fde57586dec-64135a80-a9876e33","metadata":{"@type":"type.googleapis.com/google.cloud.functions.v2.OperationMetadata","createTime":"2026-04-20T06:23:47.859165441Z","target":"projects/waleed-6d2b1/locations/us-central1/functions/sendManualPaymentAdminAlert","verb":"create","cancelRequested":false,"apiVersion":"v2","requestResource":{"@type":"type.googleapis.com/google.cloud.functions.v2.Function","name":"projects/waleed-6d2b1/locations/us-central1/functions/sendManualPaymentAdminAlert","buildConfig":{"runtime":"nodejs20","entryPoint":"sendManualPaymentAdminAlert","source":{"storageSource":{"bucket":"gcf-v2-sources-41201313634-us-central1","object":"sendManualPaymentAdminAlert/function-source.zip","generation":"1776666227246934"}},"environmentVariables":{"GOOGLE_NODE_RUN_SCRIPTS":""},"sourceToken":"ClZwcm9qZWN0cy80MTIwMTMxMzYzNC9sb2NhdGlvbnMvdXMtY2VudHJhbDEvYnVpbGRzLzk4NjdmMzE3LWUyNzEtNDA3Yy1iOTUxLTY5Njk2M2RhNzA0YxJ6dXMtY2VudHJhbDEtZG9ja2VyLnBrZy5kZXYvd2FsZWVkLTZkMmIxL2djZi1hcnRpZmFjdHMvd2FsZWVkLS02ZDJiMV9fdXMtLWNlbnRyYWwxX19hdXRvX3N1YnNjcmliZV9idXllcl9vbl9vcmRlcjp2ZXJzaW9uXzEY4s6ovpkBIk9wcm9qZWN0cy93YWxlZWQtNmQyYjEvbG9jYXRpb25zL3VzLWNlbnRyYWwxL2Z1bmN0aW9ucy9hdXRvU3Vic2NyaWJlQnV5ZXJPbk9yZGVyKgwI74yXzwYQyJbPowEyCG5vZGVqczIwOnYKI2djci5pby9nYWUtcnVudGltZXMvbm9kZWpzMjA6c3RhYmxlEk91cy1jZW50cmFsMS1kb2NrZXIucGtnLmRldi9zZXJ2ZXJsZXNzLXJ1bnRpbWVzL2dvb2dsZS0yMi1mdWxsL3J1bnRpbWVzL25vZGVqczIwQAE=","serviceAccount":"projects/waleed-6d2b1/serviceAccounts/41201313634-compute@developer.gserviceaccount.com","automaticUpdatePolicy":{}},"serviceConfig":{"service":"projects/waleed-6d2b1/locations/us-central1/services/sendmanualpaymentadminalert","timeoutSeconds":60,"environmentVariables":{"RESEND_API_KEY":"re_atfFPVKt_MnQqTyr7w9JR7GLQRABSmmYm","FROM_EMAIL":"PressPlay Nails <onboarding@resend.dev>","ADMIN_EMAIL":"workwithwaleed1@gmail.com","APP_URL":"https://i-waleedd.github.io/","FIREBASE_CONFIG":"{\"projectId\":\"waleed-6d2b1\",\"storageBucket\":\"waleed-6d2b1.firebasestorage.app\"}","GCLOUD_PROJECT":"waleed-6d2b1","EVENTARC_CLOUD_EVENT_SOURCE":"projects/waleed-6d2b1/locations/us-central1/services/sendManualPaymentAdminAlert","FUNCTION_SIGNATURE_TYPE":"cloudevent","FUNCTION_TARGET":"sendManualPaymentAdminAlert","LOG_EXECUTION_ID":"true"},"ingressSettings":"ALLOW_ALL","serviceAccountEmail":"41201313634-compute@developer.gserviceaccount.com","availableMemory":"256Mi","maxInstanceRequestConcurrency":80,"availableCpu":"1"},"eventTrigger":{"trigger":"projects/waleed-6d2b1/locations/nam5/triggers/sendmanualpaymentadminalert-564148","triggerRegion":"nam5","eventType":"google.cloud.firestore.document.v1.created","eventFilters":[{"attribute":"database","value":"(default)"},{"attribute":"namespace","value":"(default)"},{"attribute":"document","value":"orders/{orderId}","operator":"match-path-pattern"}],"serviceAccountEmail":"41201313634-compute@developer.gserviceaccount.com","retryPolicy":"RETRY_POLICY_DO_NOT_RETRY"},"labels":{"deployment-tool":"cli-firebase","firebase-functions-hash":"c79b669699d7546866d56ca63f9e2dc3ed779b66"},"environment":"GEN_2"},"stages":[{"name":"BUILD","message":"Reusing build","state":"COMPLETE","resource":"projects/41201313634/locations/us-central1/builds/9867f317-e271-407c-b951-696963da704c","stateMessages":[{"severity":"WARNING","type":"BuildAnalysisWarning","message":"Node.js 20 is no longer supported by the Node.js community as of 30 April, 2026. Node.js 20 will be deprecated on 2026-04-30. We recommend you to upgrade to the latest version of Node.js as soon as possible."}]},{"name":"SERVICE","message":"Creating Cloud Run service","state":"IN_PROGRESS","resource":"projects/waleed-6d2b1/locations/us-central1/services/sendmanualpaymentadminalert","resourceUri":"https://console.cloud.google.com/run/detail/us-central1/sendmanualpaymentadminalert?project=waleed-6d2b1"},{"name":"TRIGGER","state":"NOT_STARTED"}],"sourceToken":"ClZwcm9qZWN0cy80MTIwMTMxMzYzNC9sb2NhdGlvbnMvdXMtY2VudHJhbDEvYnVpbGRzLzk4NjdmMzE3LWUyNzEtNDA3Yy1iOTUxLTY5Njk2M2RhNzA0YxJ6dXMtY2VudHJhbDEtZG9ja2VyLnBrZy5kZXYvd2FsZWVkLTZkMmIxL2djZi1hcnRpZmFjdHMvd2FsZWVkLS02ZDJiMV9fdXMtLWNlbnRyYWwxX19hdXRvX3N1YnNjcmliZV9idXllcl9vbl9vcmRlcjp2ZXJzaW9uXzEY4s6ovpkBIk9wcm9qZWN0cy93YWxlZWQtNmQyYjEvbG9jYXRpb25zL3VzLWNlbnRyYWwxL2Z1bmN0aW9ucy9hdXRvU3Vic2NyaWJlQnV5ZXJPbk9yZGVyKgwI74yXzwYQyJbPowEyCG5vZGVqczIwOnYKI2djci5pby9nYWUtcnVudGltZXMvbm9kZWpzMjA6c3RhYmxlEk91cy1jZW50cmFsMS1kb2NrZXIucGtnLmRldi9zZXJ2ZXJsZXNzLXJ1bnRpbWVzL2dvb2dsZS0yMi1mdWxsL3J1bnRpbWVzL25vZGVqczIwQAE=","operationType":"CREATE_FUNCTION","buildName":"projects/41201313634/locations/us-central1/builds/9867f317-e271-407c-b951-696963da704c"},"done":false}
[debug] [2026-04-20T06:23:49.655Z] Got source token ClZwcm9qZWN0cy80MTIwMTMxMzYzNC9sb2NhdGlvbnMvdXMtY2VudHJhbDEvYnVpbGRzLzk4NjdmMzE3LWUyNzEtNDA3Yy1iOTUxLTY5Njk2M2RhNzA0YxJ6dXMtY2VudHJhbDEtZG9ja2VyLnBrZy5kZXYvd2FsZWVkLTZkMmIxL2djZi1hcnRpZmFjdHMvd2FsZWVkLS02ZDJiMV9fdXMtLWNlbnRyYWwxX19hdXRvX3N1YnNjcmliZV9idXllcl9vbl9vcmRlcjp2ZXJzaW9uXzEY4s6ovpkBIk9wcm9qZWN0cy93YWxlZWQtNmQyYjEvbG9jYXRpb25zL3VzLWNlbnRyYWwxL2Z1bmN0aW9ucy9hdXRvU3Vic2NyaWJlQnV5ZXJPbk9yZGVyKgwI74yXzwYQyJbPowEyCG5vZGVqczIwOnYKI2djci5pby9nYWUtcnVudGltZXMvbm9kZWpzMjA6c3RhYmxlEk91cy1jZW50cmFsMS1kb2NrZXIucGtnLmRldi9zZXJ2ZXJsZXNzLXJ1bnRpbWVzL2dvb2dsZS0yMi1mdWxsL3J1bnRpbWVzL25vZGVqczIwQAE= for region us-central1
[debug] [2026-04-20T06:23:49.656Z] <<< [apiv2][status] GET https://cloudfunctions.googleapis.com/v2/projects/waleed-6d2b1/locations/us-central1/operations/operation-1776666227149-64fde575a8a21-53ffeb4b-3cc2dc5c 200
[debug] [2026-04-20T06:23:49.657Z] <<< [apiv2][body] GET https://cloudfunctions.googleapis.com/v2/projects/waleed-6d2b1/locations/us-central1/operations/operation-1776666227149-64fde575a8a21-53ffeb4b-3cc2dc5c {"name":"projects/waleed-6d2b1/locations/us-central1/operations/operation-1776666227149-64fde575a8a21-53ffeb4b-3cc2dc5c","metadata":{"@type":"type.googleapis.com/google.cloud.functions.v2.OperationMetadata","createTime":"2026-04-20T06:23:47.929563688Z","target":"projects/waleed-6d2b1/locations/us-central1/functions/sendNewProductEmail","verb":"create","cancelRequested":false,"apiVersion":"v2","requestResource":{"@type":"type.googleapis.com/google.cloud.functions.v2.Function","name":"projects/waleed-6d2b1/locations/us-central1/functions/sendNewProductEmail","buildConfig":{"runtime":"nodejs20","entryPoint":"sendNewProductEmail","source":{"storageSource":{"bucket":"gcf-v2-sources-41201313634-us-central1","object":"sendNewProductEmail/function-source.zip","generation":"1776666227359179"}},"environmentVariables":{"GOOGLE_NODE_RUN_SCRIPTS":""},"sourceToken":"ClZwcm9qZWN0cy80MTIwMTMxMzYzNC9sb2NhdGlvbnMvdXMtY2VudHJhbDEvYnVpbGRzLzk4NjdmMzE3LWUyNzEtNDA3Yy1iOTUxLTY5Njk2M2RhNzA0YxJ6dXMtY2VudHJhbDEtZG9ja2VyLnBrZy5kZXYvd2FsZWVkLTZkMmIxL2djZi1hcnRpZmFjdHMvd2FsZWVkLS02ZDJiMV9fdXMtLWNlbnRyYWwxX19hdXRvX3N1YnNjcmliZV9idXllcl9vbl9vcmRlcjp2ZXJzaW9uXzEY4s6ovpkBIk9wcm9qZWN0cy93YWxlZWQtNmQyYjEvbG9jYXRpb25zL3VzLWNlbnRyYWwxL2Z1bmN0aW9ucy9hdXRvU3Vic2NyaWJlQnV5ZXJPbk9yZGVyKgwI74yXzwYQyJbPowEyCG5vZGVqczIwOnYKI2djci5pby9nYWUtcnVudGltZXMvbm9kZWpzMjA6c3RhYmxlEk91cy1jZW50cmFsMS1kb2NrZXIucGtnLmRldi9zZXJ2ZXJsZXNzLXJ1bnRpbWVzL2dvb2dsZS0yMi1mdWxsL3J1bnRpbWVzL25vZGVqczIwQAE=","serviceAccount":"projects/waleed-6d2b1/serviceAccounts/41201313634-compute@developer.gserviceaccount.com","automaticUpdatePolicy":{}},"serviceConfig":{"service":"projects/waleed-6d2b1/locations/us-central1/services/sendnewproductemail","timeoutSeconds":60,"environmentVariables":{"RESEND_API_KEY":"re_atfFPVKt_MnQqTyr7w9JR7GLQRABSmmYm","FROM_EMAIL":"PressPlay Nails <onboarding@resend.dev>","ADMIN_EMAIL":"workwithwaleed1@gmail.com","APP_URL":"https://i-waleedd.github.io/","FIREBASE_CONFIG":"{\"projectId\":\"waleed-6d2b1\",\"storageBucket\":\"waleed-6d2b1.firebasestorage.app\"}","GCLOUD_PROJECT":"waleed-6d2b1","EVENTARC_CLOUD_EVENT_SOURCE":"projects/waleed-6d2b1/locations/us-central1/services/sendNewProductEmail","FUNCTION_SIGNATURE_TYPE":"cloudevent","FUNCTION_TARGET":"sendNewProductEmail","LOG_EXECUTION_ID":"true"},"ingressSettings":"ALLOW_ALL","serviceAccountEmail":"41201313634-compute@developer.gserviceaccount.com","availableMemory":"256Mi","maxInstanceRequestConcurrency":80,"availableCpu":"1"},"eventTrigger":{"trigger":"projects/waleed-6d2b1/locations/nam5/triggers/sendnewproductemail-552624","triggerRegion":"nam5","eventType":"google.cloud.firestore.document.v1.created","eventFilters":[{"attribute":"database","value":"(default)"},{"attribute":"namespace","value":"(default)"},{"attribute":"document","value":"products/{productId}","operator":"match-path-pattern"}],"serviceAccountEmail":"41201313634-compute@developer.gserviceaccount.com","retryPolicy":"RETRY_POLICY_DO_NOT_RETRY"},"labels":{"deployment-tool":"cli-firebase","firebase-functions-hash":"c79b669699d7546866d56ca63f9e2dc3ed779b66"},"environment":"GEN_2"},"stages":[{"name":"BUILD","message":"Reusing build","state":"COMPLETE","resource":"projects/41201313634/locations/us-central1/builds/9867f317-e271-407c-b951-696963da704c","stateMessages":[{"severity":"WARNING","type":"BuildAnalysisWarning","message":"Node.js 20 is no longer supported by the Node.js community as of 30 April, 2026. Node.js 20 will be deprecated on 2026-04-30. We recommend you to upgrade to the latest version of Node.js as soon as possible."}]},{"name":"SERVICE","message":"Creating Cloud Run service","state":"IN_PROGRESS","resource":"projects/waleed-6d2b1/locations/us-central1/services/sendnewproductemail","resourceUri":"https://console.cloud.google.com/run/detail/us-central1/sendnewproductemail?project=waleed-6d2b1"},{"name":"TRIGGER","state":"NOT_STARTED"}],"sourceToken":"ClZwcm9qZWN0cy80MTIwMTMxMzYzNC9sb2NhdGlvbnMvdXMtY2VudHJhbDEvYnVpbGRzLzk4NjdmMzE3LWUyNzEtNDA3Yy1iOTUxLTY5Njk2M2RhNzA0YxJ6dXMtY2VudHJhbDEtZG9ja2VyLnBrZy5kZXYvd2FsZWVkLTZkMmIxL2djZi1hcnRpZmFjdHMvd2FsZWVkLS02ZDJiMV9fdXMtLWNlbnRyYWwxX19hdXRvX3N1YnNjcmliZV9idXllcl9vbl9vcmRlcjp2ZXJzaW9uXzEY4s6ovpkBIk9wcm9qZWN0cy93YWxlZWQtNmQyYjEvbG9jYXRpb25zL3VzLWNlbnRyYWwxL2Z1bmN0aW9ucy9hdXRvU3Vic2NyaWJlQnV5ZXJPbk9yZGVyKgwI74yXzwYQyJbPowEyCG5vZGVqczIwOnYKI2djci5pby9nYWUtcnVudGltZXMvbm9kZWpzMjA6c3RhYmxlEk91cy1jZW50cmFsMS1kb2NrZXIucGtnLmRldi9zZXJ2ZXJsZXNzLXJ1bnRpbWVzL2dvb2dsZS0yMi1mdWxsL3J1bnRpbWVzL25vZGVqczIwQAE=","operationType":"CREATE_FUNCTION","buildName":"projects/41201313634/locations/us-central1/builds/9867f317-e271-407c-b951-696963da704c"},"done":false}
[debug] [2026-04-20T06:23:49.657Z] Got source token ClZwcm9qZWN0cy80MTIwMTMxMzYzNC9sb2NhdGlvbnMvdXMtY2VudHJhbDEvYnVpbGRzLzk4NjdmMzE3LWUyNzEtNDA3Yy1iOTUxLTY5Njk2M2RhNzA0YxJ6dXMtY2VudHJhbDEtZG9ja2VyLnBrZy5kZXYvd2FsZWVkLTZkMmIxL2djZi1hcnRpZmFjdHMvd2FsZWVkLS02ZDJiMV9fdXMtLWNlbnRyYWwxX19hdXRvX3N1YnNjcmliZV9idXllcl9vbl9vcmRlcjp2ZXJzaW9uXzEY4s6ovpkBIk9wcm9qZWN0cy93YWxlZWQtNmQyYjEvbG9jYXRpb25zL3VzLWNlbnRyYWwxL2Z1bmN0aW9ucy9hdXRvU3Vic2NyaWJlQnV5ZXJPbk9yZGVyKgwI74yXzwYQyJbPowEyCG5vZGVqczIwOnYKI2djci5pby9nYWUtcnVudGltZXMvbm9kZWpzMjA6c3RhYmxlEk91cy1jZW50cmFsMS1kb2NrZXIucGtnLmRldi9zZXJ2ZXJsZXNzLXJ1bnRpbWVzL2dvb2dsZS0yMi1mdWxsL3J1bnRpbWVzL25vZGVqczIwQAE= for region us-central1
[debug] [2026-04-20T06:23:49.857Z] <<< [apiv2][status] GET https://cloudfunctions.googleapis.com/v2/projects/waleed-6d2b1/locations/us-central1/operations/operation-1776666227196-64fde575b41c8-3a10f62b-855b0737 200
[debug] [2026-04-20T06:23:49.857Z] <<< [apiv2][body] GET https://cloudfunctions.googleapis.com/v2/projects/waleed-6d2b1/locations/us-central1/operations/operation-1776666227196-64fde575b41c8-3a10f62b-855b0737 {"name":"projects/waleed-6d2b1/locations/us-central1/operations/operation-1776666227196-64fde575b41c8-3a10f62b-855b0737","metadata":{"@type":"type.googleapis.com/google.cloud.functions.v2.OperationMetadata","createTime":"2026-04-20T06:23:48.084853558Z","target":"projects/waleed-6d2b1/locations/us-central1/functions/notifyCustomerOnPaymentConfirmed","verb":"create","cancelRequested":false,"apiVersion":"v2","requestResource":{"@type":"type.googleapis.com/google.cloud.functions.v2.Function","name":"projects/waleed-6d2b1/locations/us-central1/functions/notifyCustomerOnPaymentConfirmed","buildConfig":{"runtime":"nodejs20","entryPoint":"notifyCustomerOnPaymentConfirmed","source":{"storageSource":{"bucket":"gcf-v2-sources-41201313634-us-central1","object":"notifyCustomerOnPaymentConfirmed/function-source.zip","generation":"1776666227413362"}},"environmentVariables":{"GOOGLE_NODE_RUN_SCRIPTS":""},"sourceToken":"ClZwcm9qZWN0cy80MTIwMTMxMzYzNC9sb2NhdGlvbnMvdXMtY2VudHJhbDEvYnVpbGRzLzk4NjdmMzE3LWUyNzEtNDA3Yy1iOTUxLTY5Njk2M2RhNzA0YxJ6dXMtY2VudHJhbDEtZG9ja2VyLnBrZy5kZXYvd2FsZWVkLTZkMmIxL2djZi1hcnRpZmFjdHMvd2FsZWVkLS02ZDJiMV9fdXMtLWNlbnRyYWwxX19hdXRvX3N1YnNjcmliZV9idXllcl9vbl9vcmRlcjp2ZXJzaW9uXzEY4s6ovpkBIk9wcm9qZWN0cy93YWxlZWQtNmQyYjEvbG9jYXRpb25zL3VzLWNlbnRyYWwxL2Z1bmN0aW9ucy9hdXRvU3Vic2NyaWJlQnV5ZXJPbk9yZGVyKgwI74yXzwYQyJbPowEyCG5vZGVqczIwOnYKI2djci5pby9nYWUtcnVudGltZXMvbm9kZWpzMjA6c3RhYmxlEk91cy1jZW50cmFsMS1kb2NrZXIucGtnLmRldi9zZXJ2ZXJsZXNzLXJ1bnRpbWVzL2dvb2dsZS0yMi1mdWxsL3J1bnRpbWVzL25vZGVqczIwQAE=","serviceAccount":"projects/waleed-6d2b1/serviceAccounts/41201313634-compute@developer.gserviceaccount.com","automaticUpdatePolicy":{}},"serviceConfig":{"service":"projects/waleed-6d2b1/locations/us-central1/services/notifycustomeronpaymentconfirmed","timeoutSeconds":60,"environmentVariables":{"RESEND_API_KEY":"re_atfFPVKt_MnQqTyr7w9JR7GLQRABSmmYm","FROM_EMAIL":"PressPlay Nails <onboarding@resend.dev>","ADMIN_EMAIL":"workwithwaleed1@gmail.com","APP_URL":"https://i-waleedd.github.io/","FIREBASE_CONFIG":"{\"projectId\":\"waleed-6d2b1\",\"storageBucket\":\"waleed-6d2b1.firebasestorage.app\"}","GCLOUD_PROJECT":"waleed-6d2b1","EVENTARC_CLOUD_EVENT_SOURCE":"projects/waleed-6d2b1/locations/us-central1/services/notifyCustomerOnPaymentConfirmed","FUNCTION_SIGNATURE_TYPE":"cloudevent","FUNCTION_TARGET":"notifyCustomerOnPaymentConfirmed","LOG_EXECUTION_ID":"true"},"ingressSettings":"ALLOW_ALL","serviceAccountEmail":"41201313634-compute@developer.gserviceaccount.com","availableMemory":"256Mi","maxInstanceRequestConcurrency":80,"availableCpu":"1"},"eventTrigger":{"trigger":"projects/waleed-6d2b1/locations/nam5/triggers/notifycustomeronpaymentconfirmed-217383","triggerRegion":"nam5","eventType":"google.cloud.firestore.document.v1.updated","eventFilters":[{"attribute":"database","value":"(default)"},{"attribute":"namespace","value":"(default)"},{"attribute":"document","value":"orders/{orderId}","operator":"match-path-pattern"}],"serviceAccountEmail":"41201313634-compute@developer.gserviceaccount.com","retryPolicy":"RETRY_POLICY_DO_NOT_RETRY"},"labels":{"deployment-tool":"cli-firebase","firebase-functions-hash":"c79b669699d7546866d56ca63f9e2dc3ed779b66"},"environment":"GEN_2"},"stages":[{"name":"BUILD","message":"Reusing build","state":"COMPLETE","resource":"projects/41201313634/locations/us-central1/builds/9867f317-e271-407c-b951-696963da704c","stateMessages":[{"severity":"WARNING","type":"BuildAnalysisWarning","message":"Node.js 20 is no longer supported by the Node.js community as of 30 April, 2026. Node.js 20 will be deprecated on 2026-04-30. We recommend you to upgrade to the latest version of Node.js as soon as possible."}]},{"name":"SERVICE","message":"Creating Cloud Run service","state":"IN_PROGRESS","resource":"projects/waleed-6d2b1/locations/us-central1/services/notifycustomeronpaymentconfirmed","resourceUri":"https://console.cloud.google.com/run/detail/us-central1/notifycustomeronpaymentconfirmed?project=waleed-6d2b1"},{"name":"TRIGGER","state":"NOT_STARTED"}],"sourceToken":"ClZwcm9qZWN0cy80MTIwMTMxMzYzNC9sb2NhdGlvbnMvdXMtY2VudHJhbDEvYnVpbGRzLzk4NjdmMzE3LWUyNzEtNDA3Yy1iOTUxLTY5Njk2M2RhNzA0YxJ6dXMtY2VudHJhbDEtZG9ja2VyLnBrZy5kZXYvd2FsZWVkLTZkMmIxL2djZi1hcnRpZmFjdHMvd2FsZWVkLS02ZDJiMV9fdXMtLWNlbnRyYWwxX19hdXRvX3N1YnNjcmliZV9idXllcl9vbl9vcmRlcjp2ZXJzaW9uXzEY4s6ovpkBIk9wcm9qZWN0cy93YWxlZWQtNmQyYjEvbG9jYXRpb25zL3VzLWNlbnRyYWwxL2Z1bmN0aW9ucy9hdXRvU3Vic2NyaWJlQnV5ZXJPbk9yZGVyKgwI74yXzwYQyJbPowEyCG5vZGVqczIwOnYKI2djci5pby9nYWUtcnVudGltZXMvbm9kZWpzMjA6c3RhYmxlEk91cy1jZW50cmFsMS1kb2NrZXIucGtnLmRldi9zZXJ2ZXJsZXNzLXJ1bnRpbWVzL2dvb2dsZS0yMi1mdWxsL3J1bnRpbWVzL25vZGVqczIwQAE=","operationType":"CREATE_FUNCTION","buildName":"projects/41201313634/locations/us-central1/builds/9867f317-e271-407c-b951-696963da704c"},"done":false}
[debug] [2026-04-20T06:23:49.858Z] Got source token ClZwcm9qZWN0cy80MTIwMTMxMzYzNC9sb2NhdGlvbnMvdXMtY2VudHJhbDEvYnVpbGRzLzk4NjdmMzE3LWUyNzEtNDA3Yy1iOTUxLTY5Njk2M2RhNzA0YxJ6dXMtY2VudHJhbDEtZG9ja2VyLnBrZy5kZXYvd2FsZWVkLTZkMmIxL2djZi1hcnRpZmFjdHMvd2FsZWVkLS02ZDJiMV9fdXMtLWNlbnRyYWwxX19hdXRvX3N1YnNjcmliZV9idXllcl9vbl9vcmRlcjp2ZXJzaW9uXzEY4s6ovpkBIk9wcm9qZWN0cy93YWxlZWQtNmQyYjEvbG9jYXRpb25zL3VzLWNlbnRyYWwxL2Z1bmN0aW9ucy9hdXRvU3Vic2NyaWJlQnV5ZXJPbk9yZGVyKgwI74yXzwYQyJbPowEyCG5vZGVqczIwOnYKI2djci5pby9nYWUtcnVudGltZXMvbm9kZWpzMjA6c3RhYmxlEk91cy1jZW50cmFsMS1kb2NrZXIucGtnLmRldi9zZXJ2ZXJsZXNzLXJ1bnRpbWVzL2dvb2dsZS0yMi1mdWxsL3J1bnRpbWVzL25vZGVqczIwQAE= for region us-central1
[debug] [2026-04-20T06:23:49.872Z] <<< [apiv2][status] GET https://cloudfunctions.googleapis.com/v2/projects/waleed-6d2b1/locations/us-central1/operations/operation-1776666227187-64fde575b1ded-d147aa6a-5ae060c7 200
[debug] [2026-04-20T06:23:49.872Z] <<< [apiv2][body] GET https://cloudfunctions.googleapis.com/v2/projects/waleed-6d2b1/locations/us-central1/operations/operation-1776666227187-64fde575b1ded-d147aa6a-5ae060c7 {"name":"projects/waleed-6d2b1/locations/us-central1/operations/operation-1776666227187-64fde575b1ded-d147aa6a-5ae060c7","metadata":{"@type":"type.googleapis.com/google.cloud.functions.v2.OperationMetadata","createTime":"2026-04-20T06:23:48.146199250Z","target":"projects/waleed-6d2b1/locations/us-central1/functions/sendSaleEmail","verb":"create","cancelRequested":false,"apiVersion":"v2","requestResource":{"@type":"type.googleapis.com/google.cloud.functions.v2.Function","name":"projects/waleed-6d2b1/locations/us-central1/functions/sendSaleEmail","buildConfig":{"runtime":"nodejs20","entryPoint":"sendSaleEmail","source":{"storageSource":{"bucket":"gcf-v2-sources-41201313634-us-central1","object":"sendSaleEmail/function-source.zip","generation":"1776666227406316"}},"environmentVariables":{"GOOGLE_NODE_RUN_SCRIPTS":""},"sourceToken":"ClZwcm9qZWN0cy80MTIwMTMxMzYzNC9sb2NhdGlvbnMvdXMtY2VudHJhbDEvYnVpbGRzLzk4NjdmMzE3LWUyNzEtNDA3Yy1iOTUxLTY5Njk2M2RhNzA0YxJ6dXMtY2VudHJhbDEtZG9ja2VyLnBrZy5kZXYvd2FsZWVkLTZkMmIxL2djZi1hcnRpZmFjdHMvd2FsZWVkLS02ZDJiMV9fdXMtLWNlbnRyYWwxX19hdXRvX3N1YnNjcmliZV9idXllcl9vbl9vcmRlcjp2ZXJzaW9uXzEY4s6ovpkBIk9wcm9qZWN0cy93YWxlZWQtNmQyYjEvbG9jYXRpb25zL3VzLWNlbnRyYWwxL2Z1bmN0aW9ucy9hdXRvU3Vic2NyaWJlQnV5ZXJPbk9yZGVyKgwI74yXzwYQyJbPowEyCG5vZGVqczIwOnYKI2djci5pby9nYWUtcnVudGltZXMvbm9kZWpzMjA6c3RhYmxlEk91cy1jZW50cmFsMS1kb2NrZXIucGtnLmRldi9zZXJ2ZXJsZXNzLXJ1bnRpbWVzL2dvb2dsZS0yMi1mdWxsL3J1bnRpbWVzL25vZGVqczIwQAE=","serviceAccount":"projects/waleed-6d2b1/serviceAccounts/41201313634-compute@developer.gserviceaccount.com","automaticUpdatePolicy":{}},"serviceConfig":{"service":"projects/waleed-6d2b1/locations/us-central1/services/sendsaleemail","timeoutSeconds":60,"environmentVariables":{"RESEND_API_KEY":"re_atfFPVKt_MnQqTyr7w9JR7GLQRABSmmYm","FROM_EMAIL":"PressPlay Nails <onboarding@resend.dev>","ADMIN_EMAIL":"workwithwaleed1@gmail.com","APP_URL":"https://i-waleedd.github.io/","FIREBASE_CONFIG":"{\"projectId\":\"waleed-6d2b1\",\"storageBucket\":\"waleed-6d2b1.firebasestorage.app\"}","GCLOUD_PROJECT":"waleed-6d2b1","EVENTARC_CLOUD_EVENT_SOURCE":"projects/waleed-6d2b1/locations/us-central1/services/sendSaleEmail","FUNCTION_SIGNATURE_TYPE":"cloudevent","FUNCTION_TARGET":"sendSaleEmail","LOG_EXECUTION_ID":"true"},"ingressSettings":"ALLOW_ALL","serviceAccountEmail":"41201313634-compute@developer.gserviceaccount.com","availableMemory":"256Mi","maxInstanceRequestConcurrency":80,"availableCpu":"1"},"eventTrigger":{"trigger":"projects/waleed-6d2b1/locations/nam5/triggers/sendsaleemail-260711","triggerRegion":"nam5","eventType":"google.cloud.firestore.document.v1.updated","eventFilters":[{"attribute":"database","value":"(default)"},{"attribute":"namespace","value":"(default)"},{"attribute":"document","value":"products/{productId}","operator":"match-path-pattern"}],"serviceAccountEmail":"41201313634-compute@developer.gserviceaccount.com","retryPolicy":"RETRY_POLICY_DO_NOT_RETRY"},"labels":{"deployment-tool":"cli-firebase","firebase-functions-hash":"c79b669699d7546866d56ca63f9e2dc3ed779b66"},"environment":"GEN_2"},"stages":[{"name":"BUILD","message":"Reusing build","state":"COMPLETE","resource":"projects/41201313634/locations/us-central1/builds/9867f317-e271-407c-b951-696963da704c","stateMessages":[{"severity":"WARNING","type":"BuildAnalysisWarning","message":"Node.js 20 is no longer supported by the Node.js community as of 30 April, 2026. Node.js 20 will be deprecated on 2026-04-30. We recommend you to upgrade to the latest version of Node.js as soon as possible."}]},{"name":"SERVICE","message":"Creating Cloud Run service","state":"IN_PROGRESS","resource":"projects/waleed-6d2b1/locations/us-central1/services/sendsaleemail","resourceUri":"https://console.cloud.google.com/run/detail/us-central1/sendsaleemail?project=waleed-6d2b1"},{"name":"TRIGGER","state":"NOT_STARTED"}],"sourceToken":"ClZwcm9qZWN0cy80MTIwMTMxMzYzNC9sb2NhdGlvbnMvdXMtY2VudHJhbDEvYnVpbGRzLzk4NjdmMzE3LWUyNzEtNDA3Yy1iOTUxLTY5Njk2M2RhNzA0YxJ6dXMtY2VudHJhbDEtZG9ja2VyLnBrZy5kZXYvd2FsZWVkLTZkMmIxL2djZi1hcnRpZmFjdHMvd2FsZWVkLS02ZDJiMV9fdXMtLWNlbnRyYWwxX19hdXRvX3N1YnNjcmliZV9idXllcl9vbl9vcmRlcjp2ZXJzaW9uXzEY4s6ovpkBIk9wcm9qZWN0cy93YWxlZWQtNmQyYjEvbG9jYXRpb25zL3VzLWNlbnRyYWwxL2Z1bmN0aW9ucy9hdXRvU3Vic2NyaWJlQnV5ZXJPbk9yZGVyKgwI74yXzwYQyJbPowEyCG5vZGVqczIwOnYKI2djci5pby9nYWUtcnVudGltZXMvbm9kZWpzMjA6c3RhYmxlEk91cy1jZW50cmFsMS1kb2NrZXIucGtnLmRldi9zZXJ2ZXJsZXNzLXJ1bnRpbWVzL2dvb2dsZS0yMi1mdWxsL3J1bnRpbWVzL25vZGVqczIwQAE=","operationType":"CREATE_FUNCTION","buildName":"projects/41201313634/locations/us-central1/builds/9867f317-e271-407c-b951-696963da704c"},"done":false}
[debug] [2026-04-20T06:23:49.872Z] Got source token ClZwcm9qZWN0cy80MTIwMTMxMzYzNC9sb2NhdGlvbnMvdXMtY2VudHJhbDEvYnVpbGRzLzk4NjdmMzE3LWUyNzEtNDA3Yy1iOTUxLTY5Njk2M2RhNzA0YxJ6dXMtY2VudHJhbDEtZG9ja2VyLnBrZy5kZXYvd2FsZWVkLTZkMmIxL2djZi1hcnRpZmFjdHMvd2FsZWVkLS02ZDJiMV9fdXMtLWNlbnRyYWwxX19hdXRvX3N1YnNjcmliZV9idXllcl9vbl9vcmRlcjp2ZXJzaW9uXzEY4s6ovpkBIk9wcm9qZWN0cy93YWxlZWQtNmQyYjEvbG9jYXRpb25zL3VzLWNlbnRyYWwxL2Z1bmN0aW9ucy9hdXRvU3Vic2NyaWJlQnV5ZXJPbk9yZGVyKgwI74yXzwYQyJbPowEyCG5vZGVqczIwOnYKI2djci5pby9nYWUtcnVudGltZXMvbm9kZWpzMjA6c3RhYmxlEk91cy1jZW50cmFsMS1kb2NrZXIucGtnLmRldi9zZXJ2ZXJsZXNzLXJ1bnRpbWVzL2dvb2dsZS0yMi1mdWxsL3J1bnRpbWVzL25vZGVqczIwQAE= for region us-central1
[debug] [2026-04-20T06:23:50.659Z] [create-default-us-central1-sendManualPaymentAdminAlert] Retrying task index 0
[debug] [2026-04-20T06:23:50.659Z] Checked if tokens are valid: true, expires at: 1776667754484
[debug] [2026-04-20T06:23:50.659Z] Checked if tokens are valid: true, expires at: 1776667754484
[debug] [2026-04-20T06:23:50.659Z] >>> [apiv2][query] GET https://cloudfunctions.googleapis.com/v2/projects/waleed-6d2b1/locations/us-central1/operations/operation-1776666227011-64fde57586dec-64135a80-a9876e33 [none]
[debug] [2026-04-20T06:23:50.660Z] [create-default-us-central1-sendNewProductEmail] Retrying task index 0
[debug] [2026-04-20T06:23:50.660Z] Checked if tokens are valid: true, expires at: 1776667754484
[debug] [2026-04-20T06:23:50.660Z] Checked if tokens are valid: true, expires at: 1776667754484
[debug] [2026-04-20T06:23:50.660Z] >>> [apiv2][query] GET https://cloudfunctions.googleapis.com/v2/projects/waleed-6d2b1/locations/us-central1/operations/operation-1776666227149-64fde575a8a21-53ffeb4b-3cc2dc5c [none]
[debug] [2026-04-20T06:23:50.860Z] [create-default-us-central1-notifyCustomerOnPaymentConfirmed] Retrying task index 0
[debug] [2026-04-20T06:23:50.861Z] Checked if tokens are valid: true, expires at: 1776667754484
[debug] [2026-04-20T06:23:50.861Z] Checked if tokens are valid: true, expires at: 1776667754484
[debug] [2026-04-20T06:23:50.861Z] >>> [apiv2][query] GET https://cloudfunctions.googleapis.com/v2/projects/waleed-6d2b1/locations/us-central1/operations/operation-1776666227196-64fde575b41c8-3a10f62b-855b0737 [none]
[debug] [2026-04-20T06:23:50.876Z] [create-default-us-central1-sendSaleEmail] Retrying task index 0
[debug] [2026-04-20T06:23:50.876Z] Checked if tokens are valid: true, expires at: 1776667754484
[debug] [2026-04-20T06:23:50.877Z] Checked if tokens are valid: true, expires at: 1776667754484
[debug] [2026-04-20T06:23:50.877Z] >>> [apiv2][query] GET https://cloudfunctions.googleapis.com/v2/projects/waleed-6d2b1/locations/us-central1/operations/operation-1776666227187-64fde575b1ded-d147aa6a-5ae060c7 [none]
[debug] [2026-04-20T06:23:51.501Z] <<< [apiv2][status] GET https://cloudfunctions.googleapis.com/v2/projects/waleed-6d2b1/locations/us-central1/operations/operation-1776666227011-64fde57586dec-64135a80-a9876e33 200
[debug] [2026-04-20T06:23:51.502Z] <<< [apiv2][body] GET https://cloudfunctions.googleapis.com/v2/projects/waleed-6d2b1/locations/us-central1/operations/operation-1776666227011-64fde57586dec-64135a80-a9876e33 {"name":"projects/waleed-6d2b1/locations/us-central1/operations/operation-1776666227011-64fde57586dec-64135a80-a9876e33","metadata":{"@type":"type.googleapis.com/google.cloud.functions.v2.OperationMetadata","createTime":"2026-04-20T06:23:47.859165441Z","target":"projects/waleed-6d2b1/locations/us-central1/functions/sendManualPaymentAdminAlert","verb":"create","cancelRequested":false,"apiVersion":"v2","requestResource":{"@type":"type.googleapis.com/google.cloud.functions.v2.Function","name":"projects/waleed-6d2b1/locations/us-central1/functions/sendManualPaymentAdminAlert","buildConfig":{"runtime":"nodejs20","entryPoint":"sendManualPaymentAdminAlert","source":{"storageSource":{"bucket":"gcf-v2-sources-41201313634-us-central1","object":"sendManualPaymentAdminAlert/function-source.zip","generation":"1776666227246934"}},"environmentVariables":{"GOOGLE_NODE_RUN_SCRIPTS":""},"sourceToken":"ClZwcm9qZWN0cy80MTIwMTMxMzYzNC9sb2NhdGlvbnMvdXMtY2VudHJhbDEvYnVpbGRzLzk4NjdmMzE3LWUyNzEtNDA3Yy1iOTUxLTY5Njk2M2RhNzA0YxJ6dXMtY2VudHJhbDEtZG9ja2VyLnBrZy5kZXYvd2FsZWVkLTZkMmIxL2djZi1hcnRpZmFjdHMvd2FsZWVkLS02ZDJiMV9fdXMtLWNlbnRyYWwxX19hdXRvX3N1YnNjcmliZV9idXllcl9vbl9vcmRlcjp2ZXJzaW9uXzEY4s6ovpkBIk9wcm9qZWN0cy93YWxlZWQtNmQyYjEvbG9jYXRpb25zL3VzLWNlbnRyYWwxL2Z1bmN0aW9ucy9hdXRvU3Vic2NyaWJlQnV5ZXJPbk9yZGVyKgwI74yXzwYQyJbPowEyCG5vZGVqczIwOnYKI2djci5pby9nYWUtcnVudGltZXMvbm9kZWpzMjA6c3RhYmxlEk91cy1jZW50cmFsMS1kb2NrZXIucGtnLmRldi9zZXJ2ZXJsZXNzLXJ1bnRpbWVzL2dvb2dsZS0yMi1mdWxsL3J1bnRpbWVzL25vZGVqczIwQAE=","serviceAccount":"projects/waleed-6d2b1/serviceAccounts/41201313634-compute@developer.gserviceaccount.com","automaticUpdatePolicy":{}},"serviceConfig":{"service":"projects/waleed-6d2b1/locations/us-central1/services/sendmanualpaymentadminalert","timeoutSeconds":60,"environmentVariables":{"RESEND_API_KEY":"re_atfFPVKt_MnQqTyr7w9JR7GLQRABSmmYm","FROM_EMAIL":"PressPlay Nails <onboarding@resend.dev>","ADMIN_EMAIL":"workwithwaleed1@gmail.com","APP_URL":"https://i-waleedd.github.io/","FIREBASE_CONFIG":"{\"projectId\":\"waleed-6d2b1\",\"storageBucket\":\"waleed-6d2b1.firebasestorage.app\"}","GCLOUD_PROJECT":"waleed-6d2b1","EVENTARC_CLOUD_EVENT_SOURCE":"projects/waleed-6d2b1/locations/us-central1/services/sendManualPaymentAdminAlert","FUNCTION_SIGNATURE_TYPE":"cloudevent","FUNCTION_TARGET":"sendManualPaymentAdminAlert","LOG_EXECUTION_ID":"true"},"ingressSettings":"ALLOW_ALL","serviceAccountEmail":"41201313634-compute@developer.gserviceaccount.com","availableMemory":"256Mi","maxInstanceRequestConcurrency":80,"availableCpu":"1"},"eventTrigger":{"trigger":"projects/waleed-6d2b1/locations/nam5/triggers/sendmanualpaymentadminalert-564148","triggerRegion":"nam5","eventType":"google.cloud.firestore.document.v1.created","eventFilters":[{"attribute":"database","value":"(default)"},{"attribute":"namespace","value":"(default)"},{"attribute":"document","value":"orders/{orderId}","operator":"match-path-pattern"}],"serviceAccountEmail":"41201313634-compute@developer.gserviceaccount.com","retryPolicy":"RETRY_POLICY_DO_NOT_RETRY"},"labels":{"deployment-tool":"cli-firebase","firebase-functions-hash":"c79b669699d7546866d56ca63f9e2dc3ed779b66"},"environment":"GEN_2"},"stages":[{"name":"BUILD","message":"Reusing build","state":"COMPLETE","resource":"projects/41201313634/locations/us-central1/builds/9867f317-e271-407c-b951-696963da704c","stateMessages":[{"severity":"WARNING","type":"BuildAnalysisWarning","message":"Node.js 20 is no longer supported by the Node.js community as of 30 April, 2026. Node.js 20 will be deprecated on 2026-04-30. We recommend you to upgrade to the latest version of Node.js as soon as possible."}]},{"name":"SERVICE","message":"Creating Cloud Run service","state":"IN_PROGRESS","resource":"projects/waleed-6d2b1/locations/us-central1/services/sendmanualpaymentadminalert","resourceUri":"https://console.cloud.google.com/run/detail/us-central1/sendmanualpaymentadminalert?project=waleed-6d2b1"},{"name":"TRIGGER","state":"NOT_STARTED"}],"sourceToken":"ClZwcm9qZWN0cy80MTIwMTMxMzYzNC9sb2NhdGlvbnMvdXMtY2VudHJhbDEvYnVpbGRzLzk4NjdmMzE3LWUyNzEtNDA3Yy1iOTUxLTY5Njk2M2RhNzA0YxJ6dXMtY2VudHJhbDEtZG9ja2VyLnBrZy5kZXYvd2FsZWVkLTZkMmIxL2djZi1hcnRpZmFjdHMvd2FsZWVkLS02ZDJiMV9fdXMtLWNlbnRyYWwxX19hdXRvX3N1YnNjcmliZV9idXllcl9vbl9vcmRlcjp2ZXJzaW9uXzEY4s6ovpkBIk9wcm9qZWN0cy93YWxlZWQtNmQyYjEvbG9jYXRpb25zL3VzLWNlbnRyYWwxL2Z1bmN0aW9ucy9hdXRvU3Vic2NyaWJlQnV5ZXJPbk9yZGVyKgwI74yXzwYQyJbPowEyCG5vZGVqczIwOnYKI2djci5pby9nYWUtcnVudGltZXMvbm9kZWpzMjA6c3RhYmxlEk91cy1jZW50cmFsMS1kb2NrZXIucGtnLmRldi9zZXJ2ZXJsZXNzLXJ1bnRpbWVzL2dvb2dsZS0yMi1mdWxsL3J1bnRpbWVzL25vZGVqczIwQAE=","operationType":"CREATE_FUNCTION","buildName":"projects/41201313634/locations/us-central1/builds/9867f317-e271-407c-b951-696963da704c"},"done":false}
[debug] [2026-04-20T06:23:51.502Z] Got source token ClZwcm9qZWN0cy80MTIwMTMxMzYzNC9sb2NhdGlvbnMvdXMtY2VudHJhbDEvYnVpbGRzLzk4NjdmMzE3LWUyNzEtNDA3Yy1iOTUxLTY5Njk2M2RhNzA0YxJ6dXMtY2VudHJhbDEtZG9ja2VyLnBrZy5kZXYvd2FsZWVkLTZkMmIxL2djZi1hcnRpZmFjdHMvd2FsZWVkLS02ZDJiMV9fdXMtLWNlbnRyYWwxX19hdXRvX3N1YnNjcmliZV9idXllcl9vbl9vcmRlcjp2ZXJzaW9uXzEY4s6ovpkBIk9wcm9qZWN0cy93YWxlZWQtNmQyYjEvbG9jYXRpb25zL3VzLWNlbnRyYWwxL2Z1bmN0aW9ucy9hdXRvU3Vic2NyaWJlQnV5ZXJPbk9yZGVyKgwI74yXzwYQyJbPowEyCG5vZGVqczIwOnYKI2djci5pby9nYWUtcnVudGltZXMvbm9kZWpzMjA6c3RhYmxlEk91cy1jZW50cmFsMS1kb2NrZXIucGtnLmRldi9zZXJ2ZXJsZXNzLXJ1bnRpbWVzL2dvb2dsZS0yMi1mdWxsL3J1bnRpbWVzL25vZGVqczIwQAE= for region us-central1
[debug] [2026-04-20T06:23:51.506Z] <<< [apiv2][status] GET https://cloudfunctions.googleapis.com/v2/projects/waleed-6d2b1/locations/us-central1/operations/operation-1776666227149-64fde575a8a21-53ffeb4b-3cc2dc5c 200
[debug] [2026-04-20T06:23:51.507Z] <<< [apiv2][body] GET https://cloudfunctions.googleapis.com/v2/projects/waleed-6d2b1/locations/us-central1/operations/operation-1776666227149-64fde575a8a21-53ffeb4b-3cc2dc5c {"name":"projects/waleed-6d2b1/locations/us-central1/operations/operation-1776666227149-64fde575a8a21-53ffeb4b-3cc2dc5c","metadata":{"@type":"type.googleapis.com/google.cloud.functions.v2.OperationMetadata","createTime":"2026-04-20T06:23:47.929563688Z","target":"projects/waleed-6d2b1/locations/us-central1/functions/sendNewProductEmail","verb":"create","cancelRequested":false,"apiVersion":"v2","requestResource":{"@type":"type.googleapis.com/google.cloud.functions.v2.Function","name":"projects/waleed-6d2b1/locations/us-central1/functions/sendNewProductEmail","buildConfig":{"runtime":"nodejs20","entryPoint":"sendNewProductEmail","source":{"storageSource":{"bucket":"gcf-v2-sources-41201313634-us-central1","object":"sendNewProductEmail/function-source.zip","generation":"1776666227359179"}},"environmentVariables":{"GOOGLE_NODE_RUN_SCRIPTS":""},"sourceToken":"ClZwcm9qZWN0cy80MTIwMTMxMzYzNC9sb2NhdGlvbnMvdXMtY2VudHJhbDEvYnVpbGRzLzk4NjdmMzE3LWUyNzEtNDA3Yy1iOTUxLTY5Njk2M2RhNzA0YxJ6dXMtY2VudHJhbDEtZG9ja2VyLnBrZy5kZXYvd2FsZWVkLTZkMmIxL2djZi1hcnRpZmFjdHMvd2FsZWVkLS02ZDJiMV9fdXMtLWNlbnRyYWwxX19hdXRvX3N1YnNjcmliZV9idXllcl9vbl9vcmRlcjp2ZXJzaW9uXzEY4s6ovpkBIk9wcm9qZWN0cy93YWxlZWQtNmQyYjEvbG9jYXRpb25zL3VzLWNlbnRyYWwxL2Z1bmN0aW9ucy9hdXRvU3Vic2NyaWJlQnV5ZXJPbk9yZGVyKgwI74yXzwYQyJbPowEyCG5vZGVqczIwOnYKI2djci5pby9nYWUtcnVudGltZXMvbm9kZWpzMjA6c3RhYmxlEk91cy1jZW50cmFsMS1kb2NrZXIucGtnLmRldi9zZXJ2ZXJsZXNzLXJ1bnRpbWVzL2dvb2dsZS0yMi1mdWxsL3J1bnRpbWVzL25vZGVqczIwQAE=","serviceAccount":"projects/waleed-6d2b1/serviceAccounts/41201313634-compute@developer.gserviceaccount.com","automaticUpdatePolicy":{}},"serviceConfig":{"service":"projects/waleed-6d2b1/locations/us-central1/services/sendnewproductemail","timeoutSeconds":60,"environmentVariables":{"RESEND_API_KEY":"re_atfFPVKt_MnQqTyr7w9JR7GLQRABSmmYm","FROM_EMAIL":"PressPlay Nails <onboarding@resend.dev>","ADMIN_EMAIL":"workwithwaleed1@gmail.com","APP_URL":"https://i-waleedd.github.io/","FIREBASE_CONFIG":"{\"projectId\":\"waleed-6d2b1\",\"storageBucket\":\"waleed-6d2b1.firebasestorage.app\"}","GCLOUD_PROJECT":"waleed-6d2b1","EVENTARC_CLOUD_EVENT_SOURCE":"projects/waleed-6d2b1/locations/us-central1/services/sendNewProductEmail","FUNCTION_SIGNATURE_TYPE":"cloudevent","FUNCTION_TARGET":"sendNewProductEmail","LOG_EXECUTION_ID":"true"},"ingressSettings":"ALLOW_ALL","serviceAccountEmail":"41201313634-compute@developer.gserviceaccount.com","availableMemory":"256Mi","maxInstanceRequestConcurrency":80,"availableCpu":"1"},"eventTrigger":{"trigger":"projects/waleed-6d2b1/locations/nam5/triggers/sendnewproductemail-552624","triggerRegion":"nam5","eventType":"google.cloud.firestore.document.v1.created","eventFilters":[{"attribute":"database","value":"(default)"},{"attribute":"namespace","value":"(default)"},{"attribute":"document","value":"products/{productId}","operator":"match-path-pattern"}],"serviceAccountEmail":"41201313634-compute@developer.gserviceaccount.com","retryPolicy":"RETRY_POLICY_DO_NOT_RETRY"},"labels":{"deployment-tool":"cli-firebase","firebase-functions-hash":"c79b669699d7546866d56ca63f9e2dc3ed779b66"},"environment":"GEN_2"},"stages":[{"name":"BUILD","message":"Reusing build","state":"COMPLETE","resource":"projects/41201313634/locations/us-central1/builds/9867f317-e271-407c-b951-696963da704c","stateMessages":[{"severity":"WARNING","type":"BuildAnalysisWarning","message":"Node.js 20 is no longer supported by the Node.js community as of 30 April, 2026. Node.js 20 will be deprecated on 2026-04-30. We recommend you to upgrade to the latest version of Node.js as soon as possible."}]},{"name":"SERVICE","message":"Creating Cloud Run service","state":"IN_PROGRESS","resource":"projects/waleed-6d2b1/locations/us-central1/services/sendnewproductemail","resourceUri":"https://console.cloud.google.com/run/detail/us-central1/sendnewproductemail?project=waleed-6d2b1"},{"name":"TRIGGER","state":"NOT_STARTED"}],"sourceToken":"ClZwcm9qZWN0cy80MTIwMTMxMzYzNC9sb2NhdGlvbnMvdXMtY2VudHJhbDEvYnVpbGRzLzk4NjdmMzE3LWUyNzEtNDA3Yy1iOTUxLTY5Njk2M2RhNzA0YxJ6dXMtY2VudHJhbDEtZG9ja2VyLnBrZy5kZXYvd2FsZWVkLTZkMmIxL2djZi1hcnRpZmFjdHMvd2FsZWVkLS02ZDJiMV9fdXMtLWNlbnRyYWwxX19hdXRvX3N1YnNjcmliZV9idXllcl9vbl9vcmRlcjp2ZXJzaW9uXzEY4s6ovpkBIk9wcm9qZWN0cy93YWxlZWQtNmQyYjEvbG9jYXRpb25zL3VzLWNlbnRyYWwxL2Z1bmN0aW9ucy9hdXRvU3Vic2NyaWJlQnV5ZXJPbk9yZGVyKgwI74yXzwYQyJbPowEyCG5vZGVqczIwOnYKI2djci5pby9nYWUtcnVudGltZXMvbm9kZWpzMjA6c3RhYmxlEk91cy1jZW50cmFsMS1kb2NrZXIucGtnLmRldi9zZXJ2ZXJsZXNzLXJ1bnRpbWVzL2dvb2dsZS0yMi1mdWxsL3J1bnRpbWVzL25vZGVqczIwQAE=","operationType":"CREATE_FUNCTION","buildName":"projects/41201313634/locations/us-central1/builds/9867f317-e271-407c-b951-696963da704c"},"done":false}
[debug] [2026-04-20T06:23:51.507Z] Got source token ClZwcm9qZWN0cy80MTIwMTMxMzYzNC9sb2NhdGlvbnMvdXMtY2VudHJhbDEvYnVpbGRzLzk4NjdmMzE3LWUyNzEtNDA3Yy1iOTUxLTY5Njk2M2RhNzA0YxJ6dXMtY2VudHJhbDEtZG9ja2VyLnBrZy5kZXYvd2FsZWVkLTZkMmIxL2djZi1hcnRpZmFjdHMvd2FsZWVkLS02ZDJiMV9fdXMtLWNlbnRyYWwxX19hdXRvX3N1YnNjcmliZV9idXllcl9vbl9vcmRlcjp2ZXJzaW9uXzEY4s6ovpkBIk9wcm9qZWN0cy93YWxlZWQtNmQyYjEvbG9jYXRpb25zL3VzLWNlbnRyYWwxL2Z1bmN0aW9ucy9hdXRvU3Vic2NyaWJlQnV5ZXJPbk9yZGVyKgwI74yXzwYQyJbPowEyCG5vZGVqczIwOnYKI2djci5pby9nYWUtcnVudGltZXMvbm9kZWpzMjA6c3RhYmxlEk91cy1jZW50cmFsMS1kb2NrZXIucGtnLmRldi9zZXJ2ZXJsZXNzLXJ1bnRpbWVzL2dvb2dsZS0yMi1mdWxsL3J1bnRpbWVzL25vZGVqczIwQAE= for region us-central1
[debug] [2026-04-20T06:23:51.812Z] <<< [apiv2][status] GET https://cloudfunctions.googleapis.com/v2/projects/waleed-6d2b1/locations/us-central1/operations/operation-1776666227196-64fde575b41c8-3a10f62b-855b0737 200
[debug] [2026-04-20T06:23:51.813Z] <<< [apiv2][body] GET https://cloudfunctions.googleapis.com/v2/projects/waleed-6d2b1/locations/us-central1/operations/operation-1776666227196-64fde575b41c8-3a10f62b-855b0737 {"name":"projects/waleed-6d2b1/locations/us-central1/operations/operation-1776666227196-64fde575b41c8-3a10f62b-855b0737","metadata":{"@type":"type.googleapis.com/google.cloud.functions.v2.OperationMetadata","createTime":"2026-04-20T06:23:48.084853558Z","target":"projects/waleed-6d2b1/locations/us-central1/functions/notifyCustomerOnPaymentConfirmed","verb":"create","cancelRequested":false,"apiVersion":"v2","requestResource":{"@type":"type.googleapis.com/google.cloud.functions.v2.Function","name":"projects/waleed-6d2b1/locations/us-central1/functions/notifyCustomerOnPaymentConfirmed","buildConfig":{"runtime":"nodejs20","entryPoint":"notifyCustomerOnPaymentConfirmed","source":{"storageSource":{"bucket":"gcf-v2-sources-41201313634-us-central1","object":"notifyCustomerOnPaymentConfirmed/function-source.zip","generation":"1776666227413362"}},"environmentVariables":{"GOOGLE_NODE_RUN_SCRIPTS":""},"sourceToken":"ClZwcm9qZWN0cy80MTIwMTMxMzYzNC9sb2NhdGlvbnMvdXMtY2VudHJhbDEvYnVpbGRzLzk4NjdmMzE3LWUyNzEtNDA3Yy1iOTUxLTY5Njk2M2RhNzA0YxJ6dXMtY2VudHJhbDEtZG9ja2VyLnBrZy5kZXYvd2FsZWVkLTZkMmIxL2djZi1hcnRpZmFjdHMvd2FsZWVkLS02ZDJiMV9fdXMtLWNlbnRyYWwxX19hdXRvX3N1YnNjcmliZV9idXllcl9vbl9vcmRlcjp2ZXJzaW9uXzEY4s6ovpkBIk9wcm9qZWN0cy93YWxlZWQtNmQyYjEvbG9jYXRpb25zL3VzLWNlbnRyYWwxL2Z1bmN0aW9ucy9hdXRvU3Vic2NyaWJlQnV5ZXJPbk9yZGVyKgwI74yXzwYQyJbPowEyCG5vZGVqczIwOnYKI2djci5pby9nYWUtcnVudGltZXMvbm9kZWpzMjA6c3RhYmxlEk91cy1jZW50cmFsMS1kb2NrZXIucGtnLmRldi9zZXJ2ZXJsZXNzLXJ1bnRpbWVzL2dvb2dsZS0yMi1mdWxsL3J1bnRpbWVzL25vZGVqczIwQAE=","serviceAccount":"projects/waleed-6d2b1/serviceAccounts/41201313634-compute@developer.gserviceaccount.com","automaticUpdatePolicy":{}},"serviceConfig":{"service":"projects/waleed-6d2b1/locations/us-central1/services/notifycustomeronpaymentconfirmed","timeoutSeconds":60,"environmentVariables":{"RESEND_API_KEY":"re_atfFPVKt_MnQqTyr7w9JR7GLQRABSmmYm","FROM_EMAIL":"PressPlay Nails <onboarding@resend.dev>","ADMIN_EMAIL":"workwithwaleed1@gmail.com","APP_URL":"https://i-waleedd.github.io/","FIREBASE_CONFIG":"{\"projectId\":\"waleed-6d2b1\",\"storageBucket\":\"waleed-6d2b1.firebasestorage.app\"}","GCLOUD_PROJECT":"waleed-6d2b1","EVENTARC_CLOUD_EVENT_SOURCE":"projects/waleed-6d2b1/locations/us-central1/services/notifyCustomerOnPaymentConfirmed","FUNCTION_SIGNATURE_TYPE":"cloudevent","FUNCTION_TARGET":"notifyCustomerOnPaymentConfirmed","LOG_EXECUTION_ID":"true"},"ingressSettings":"ALLOW_ALL","serviceAccountEmail":"41201313634-compute@developer.gserviceaccount.com","availableMemory":"256Mi","maxInstanceRequestConcurrency":80,"availableCpu":"1"},"eventTrigger":{"trigger":"projects/waleed-6d2b1/locations/nam5/triggers/notifycustomeronpaymentconfirmed-217383","triggerRegion":"nam5","eventType":"google.cloud.firestore.document.v1.updated","eventFilters":[{"attribute":"database","value":"(default)"},{"attribute":"namespace","value":"(default)"},{"attribute":"document","value":"orders/{orderId}","operator":"match-path-pattern"}],"serviceAccountEmail":"41201313634-compute@developer.gserviceaccount.com","retryPolicy":"RETRY_POLICY_DO_NOT_RETRY"},"labels":{"deployment-tool":"cli-firebase","firebase-functions-hash":"c79b669699d7546866d56ca63f9e2dc3ed779b66"},"environment":"GEN_2"},"stages":[{"name":"BUILD","message":"Reusing build","state":"COMPLETE","resource":"projects/41201313634/locations/us-central1/builds/9867f317-e271-407c-b951-696963da704c","stateMessages":[{"severity":"WARNING","type":"BuildAnalysisWarning","message":"Node.js 20 is no longer supported by the Node.js community as of 30 April, 2026. Node.js 20 will be deprecated on 2026-04-30. We recommend you to upgrade to the latest version of Node.js as soon as possible."}]},{"name":"SERVICE","message":"Creating Cloud Run service","state":"IN_PROGRESS","resource":"projects/waleed-6d2b1/locations/us-central1/services/notifycustomeronpaymentconfirmed","resourceUri":"https://console.cloud.google.com/run/detail/us-central1/notifycustomeronpaymentconfirmed?project=waleed-6d2b1"},{"name":"TRIGGER","state":"NOT_STARTED"}],"sourceToken":"ClZwcm9qZWN0cy80MTIwMTMxMzYzNC9sb2NhdGlvbnMvdXMtY2VudHJhbDEvYnVpbGRzLzk4NjdmMzE3LWUyNzEtNDA3Yy1iOTUxLTY5Njk2M2RhNzA0YxJ6dXMtY2VudHJhbDEtZG9ja2VyLnBrZy5kZXYvd2FsZWVkLTZkMmIxL2djZi1hcnRpZmFjdHMvd2FsZWVkLS02ZDJiMV9fdXMtLWNlbnRyYWwxX19hdXRvX3N1YnNjcmliZV9idXllcl9vbl9vcmRlcjp2ZXJzaW9uXzEY4s6ovpkBIk9wcm9qZWN0cy93YWxlZWQtNmQyYjEvbG9jYXRpb25zL3VzLWNlbnRyYWwxL2Z1bmN0aW9ucy9hdXRvU3Vic2NyaWJlQnV5ZXJPbk9yZGVyKgwI74yXzwYQyJbPowEyCG5vZGVqczIwOnYKI2djci5pby9nYWUtcnVudGltZXMvbm9kZWpzMjA6c3RhYmxlEk91cy1jZW50cmFsMS1kb2NrZXIucGtnLmRldi9zZXJ2ZXJsZXNzLXJ1bnRpbWVzL2dvb2dsZS0yMi1mdWxsL3J1bnRpbWVzL25vZGVqczIwQAE=","operationType":"CREATE_FUNCTION","buildName":"projects/41201313634/locations/us-central1/builds/9867f317-e271-407c-b951-696963da704c"},"done":false}
[debug] [2026-04-20T06:23:51.813Z] Got source token ClZwcm9qZWN0cy80MTIwMTMxMzYzNC9sb2NhdGlvbnMvdXMtY2VudHJhbDEvYnVpbGRzLzk4NjdmMzE3LWUyNzEtNDA3Yy1iOTUxLTY5Njk2M2RhNzA0YxJ6dXMtY2VudHJhbDEtZG9ja2VyLnBrZy5kZXYvd2FsZWVkLTZkMmIxL2djZi1hcnRpZmFjdHMvd2FsZWVkLS02ZDJiMV9fdXMtLWNlbnRyYWwxX19hdXRvX3N1YnNjcmliZV9idXllcl9vbl9vcmRlcjp2ZXJzaW9uXzEY4s6ovpkBIk9wcm9qZWN0cy93YWxlZWQtNmQyYjEvbG9jYXRpb25zL3VzLWNlbnRyYWwxL2Z1bmN0aW9ucy9hdXRvU3Vic2NyaWJlQnV5ZXJPbk9yZGVyKgwI74yXzwYQyJbPowEyCG5vZGVqczIwOnYKI2djci5pby9nYWUtcnVudGltZXMvbm9kZWpzMjA6c3RhYmxlEk91cy1jZW50cmFsMS1kb2NrZXIucGtnLmRldi9zZXJ2ZXJsZXNzLXJ1bnRpbWVzL2dvb2dsZS0yMi1mdWxsL3J1bnRpbWVzL25vZGVqczIwQAE= for region us-central1
[debug] [2026-04-20T06:23:51.814Z] <<< [apiv2][status] GET https://cloudfunctions.googleapis.com/v2/projects/waleed-6d2b1/locations/us-central1/operations/operation-1776666227187-64fde575b1ded-d147aa6a-5ae060c7 200
[debug] [2026-04-20T06:23:51.814Z] <<< [apiv2][body] GET https://cloudfunctions.googleapis.com/v2/projects/waleed-6d2b1/locations/us-central1/operations/operation-1776666227187-64fde575b1ded-d147aa6a-5ae060c7 {"name":"projects/waleed-6d2b1/locations/us-central1/operations/operation-1776666227187-64fde575b1ded-d147aa6a-5ae060c7","metadata":{"@type":"type.googleapis.com/google.cloud.functions.v2.OperationMetadata","createTime":"2026-04-20T06:23:48.146199250Z","target":"projects/waleed-6d2b1/locations/us-central1/functions/sendSaleEmail","verb":"create","cancelRequested":false,"apiVersion":"v2","requestResource":{"@type":"type.googleapis.com/google.cloud.functions.v2.Function","name":"projects/waleed-6d2b1/locations/us-central1/functions/sendSaleEmail","buildConfig":{"runtime":"nodejs20","entryPoint":"sendSaleEmail","source":{"storageSource":{"bucket":"gcf-v2-sources-41201313634-us-central1","object":"sendSaleEmail/function-source.zip","generation":"1776666227406316"}},"environmentVariables":{"GOOGLE_NODE_RUN_SCRIPTS":""},"sourceToken":"ClZwcm9qZWN0cy80MTIwMTMxMzYzNC9sb2NhdGlvbnMvdXMtY2VudHJhbDEvYnVpbGRzLzk4NjdmMzE3LWUyNzEtNDA3Yy1iOTUxLTY5Njk2M2RhNzA0YxJ6dXMtY2VudHJhbDEtZG9ja2VyLnBrZy5kZXYvd2FsZWVkLTZkMmIxL2djZi1hcnRpZmFjdHMvd2FsZWVkLS02ZDJiMV9fdXMtLWNlbnRyYWwxX19hdXRvX3N1YnNjcmliZV9idXllcl9vbl9vcmRlcjp2ZXJzaW9uXzEY4s6ovpkBIk9wcm9qZWN0cy93YWxlZWQtNmQyYjEvbG9jYXRpb25zL3VzLWNlbnRyYWwxL2Z1bmN0aW9ucy9hdXRvU3Vic2NyaWJlQnV5ZXJPbk9yZGVyKgwI74yXzwYQyJbPowEyCG5vZGVqczIwOnYKI2djci5pby9nYWUtcnVudGltZXMvbm9kZWpzMjA6c3RhYmxlEk91cy1jZW50cmFsMS1kb2NrZXIucGtnLmRldi9zZXJ2ZXJsZXNzLXJ1bnRpbWVzL2dvb2dsZS0yMi1mdWxsL3J1bnRpbWVzL25vZGVqczIwQAE=","serviceAccount":"projects/waleed-6d2b1/serviceAccounts/41201313634-compute@developer.gserviceaccount.com","automaticUpdatePolicy":{}},"serviceConfig":{"service":"projects/waleed-6d2b1/locations/us-central1/services/sendsaleemail","timeoutSeconds":60,"environmentVariables":{"RESEND_API_KEY":"re_atfFPVKt_MnQqTyr7w9JR7GLQRABSmmYm","FROM_EMAIL":"PressPlay Nails <onboarding@resend.dev>","ADMIN_EMAIL":"workwithwaleed1@gmail.com","APP_URL":"https://i-waleedd.github.io/","FIREBASE_CONFIG":"{\"projectId\":\"waleed-6d2b1\",\"storageBucket\":\"waleed-6d2b1.firebasestorage.app\"}","GCLOUD_PROJECT":"waleed-6d2b1","EVENTARC_CLOUD_EVENT_SOURCE":"projects/waleed-6d2b1/locations/us-central1/services/sendSaleEmail","FUNCTION_SIGNATURE_TYPE":"cloudevent","FUNCTION_TARGET":"sendSaleEmail","LOG_EXECUTION_ID":"true"},"ingressSettings":"ALLOW_ALL","serviceAccountEmail":"41201313634-compute@developer.gserviceaccount.com","availableMemory":"256Mi","maxInstanceRequestConcurrency":80,"availableCpu":"1"},"eventTrigger":{"trigger":"projects/waleed-6d2b1/locations/nam5/triggers/sendsaleemail-260711","triggerRegion":"nam5","eventType":"google.cloud.firestore.document.v1.updated","eventFilters":[{"attribute":"database","value":"(default)"},{"attribute":"namespace","value":"(default)"},{"attribute":"document","value":"products/{productId}","operator":"match-path-pattern"}],"serviceAccountEmail":"41201313634-compute@developer.gserviceaccount.com","retryPolicy":"RETRY_POLICY_DO_NOT_RETRY"},"labels":{"deployment-tool":"cli-firebase","firebase-functions-hash":"c79b669699d7546866d56ca63f9e2dc3ed779b66"},"environment":"GEN_2"},"stages":[{"name":"BUILD","message":"Reusing build","state":"COMPLETE","resource":"projects/41201313634/locations/us-central1/builds/9867f317-e271-407c-b951-696963da704c","stateMessages":[{"severity":"WARNING","type":"BuildAnalysisWarning","message":"Node.js 20 is no longer supported by the Node.js community as of 30 April, 2026. Node.js 20 will be deprecated on 2026-04-30. We recommend you to upgrade to the latest version of Node.js as soon as possible."}]},{"name":"SERVICE","message":"Creating Cloud Run service","state":"IN_PROGRESS","resource":"projects/waleed-6d2b1/locations/us-central1/services/sendsaleemail","resourceUri":"https://console.cloud.google.com/run/detail/us-central1/sendsaleemail?project=waleed-6d2b1"},{"name":"TRIGGER","state":"NOT_STARTED"}],"sourceToken":"ClZwcm9qZWN0cy80MTIwMTMxMzYzNC9sb2NhdGlvbnMvdXMtY2VudHJhbDEvYnVpbGRzLzk4NjdmMzE3LWUyNzEtNDA3Yy1iOTUxLTY5Njk2M2RhNzA0YxJ6dXMtY2VudHJhbDEtZG9ja2VyLnBrZy5kZXYvd2FsZWVkLTZkMmIxL2djZi1hcnRpZmFjdHMvd2FsZWVkLS02ZDJiMV9fdXMtLWNlbnRyYWwxX19hdXRvX3N1YnNjcmliZV9idXllcl9vbl9vcmRlcjp2ZXJzaW9uXzEY4s6ovpkBIk9wcm9qZWN0cy93YWxlZWQtNmQyYjEvbG9jYXRpb25zL3VzLWNlbnRyYWwxL2Z1bmN0aW9ucy9hdXRvU3Vic2NyaWJlQnV5ZXJPbk9yZGVyKgwI74yXzwYQyJbPowEyCG5vZGVqczIwOnYKI2djci5pby9nYWUtcnVudGltZXMvbm9kZWpzMjA6c3RhYmxlEk91cy1jZW50cmFsMS1kb2NrZXIucGtnLmRldi9zZXJ2ZXJsZXNzLXJ1bnRpbWVzL2dvb2dsZS0yMi1mdWxsL3J1bnRpbWVzL25vZGVqczIwQAE=","operationType":"CREATE_FUNCTION","buildName":"projects/41201313634/locations/us-central1/builds/9867f317-e271-407c-b951-696963da704c"},"done":false}
[debug] [2026-04-20T06:23:51.814Z] Got source token ClZwcm9qZWN0cy80MTIwMTMxMzYzNC9sb2NhdGlvbnMvdXMtY2VudHJhbDEvYnVpbGRzLzk4NjdmMzE3LWUyNzEtNDA3Yy1iOTUxLTY5Njk2M2RhNzA0YxJ6dXMtY2VudHJhbDEtZG9ja2VyLnBrZy5kZXYvd2FsZWVkLTZkMmIxL2djZi1hcnRpZmFjdHMvd2FsZWVkLS02ZDJiMV9fdXMtLWNlbnRyYWwxX19hdXRvX3N1YnNjcmliZV9idXllcl9vbl9vcmRlcjp2ZXJzaW9uXzEY4s6ovpkBIk9wcm9qZWN0cy93YWxlZWQtNmQyYjEvbG9jYXRpb25zL3VzLWNlbnRyYWwxL2Z1bmN0aW9ucy9hdXRvU3Vic2NyaWJlQnV5ZXJPbk9yZGVyKgwI74yXzwYQyJbPowEyCG5vZGVqczIwOnYKI2djci5pby9nYWUtcnVudGltZXMvbm9kZWpzMjA6c3RhYmxlEk91cy1jZW50cmFsMS1kb2NrZXIucGtnLmRldi9zZXJ2ZXJsZXNzLXJ1bnRpbWVzL2dvb2dsZS0yMi1mdWxsL3J1bnRpbWVzL25vZGVqczIwQAE= for region us-central1
[debug] [2026-04-20T06:23:53.516Z] [create-default-us-central1-sendManualPaymentAdminAlert] Retrying task index 0
[debug] [2026-04-20T06:23:53.517Z] Checked if tokens are valid: true, expires at: 1776667754484
[debug] [2026-04-20T06:23:53.517Z] Checked if tokens are valid: true, expires at: 1776667754484
[debug] [2026-04-20T06:23:53.517Z] >>> [apiv2][query] GET https://cloudfunctions.googleapis.com/v2/projects/waleed-6d2b1/locations/us-central1/operations/operation-1776666227011-64fde57586dec-64135a80-a9876e33 [none]
[debug] [2026-04-20T06:23:53.517Z] [create-default-us-central1-sendNewProductEmail] Retrying task index 0
[debug] [2026-04-20T06:23:53.517Z] Checked if tokens are valid: true, expires at: 1776667754484
[debug] [2026-04-20T06:23:53.517Z] Checked if tokens are valid: true, expires at: 1776667754484
[debug] [2026-04-20T06:23:53.517Z] >>> [apiv2][query] GET https://cloudfunctions.googleapis.com/v2/projects/waleed-6d2b1/locations/us-central1/operations/operation-1776666227149-64fde575a8a21-53ffeb4b-3cc2dc5c [none]
[debug] [2026-04-20T06:23:53.825Z] [create-default-us-central1-notifyCustomerOnPaymentConfirmed] Retrying task index 0
[debug] [2026-04-20T06:23:53.825Z] Checked if tokens are valid: true, expires at: 1776667754484
[debug] [2026-04-20T06:23:53.826Z] Checked if tokens are valid: true, expires at: 1776667754484
[debug] [2026-04-20T06:23:53.826Z] >>> [apiv2][query] GET https://cloudfunctions.googleapis.com/v2/projects/waleed-6d2b1/locations/us-central1/operations/operation-1776666227196-64fde575b41c8-3a10f62b-855b0737 [none]
[debug] [2026-04-20T06:23:53.827Z] [create-default-us-central1-sendSaleEmail] Retrying task index 0
[debug] [2026-04-20T06:23:53.827Z] Checked if tokens are valid: true, expires at: 1776667754484
[debug] [2026-04-20T06:23:53.828Z] Checked if tokens are valid: true, expires at: 1776667754484
[debug] [2026-04-20T06:23:53.828Z] >>> [apiv2][query] GET https://cloudfunctions.googleapis.com/v2/projects/waleed-6d2b1/locations/us-central1/operations/operation-1776666227187-64fde575b1ded-d147aa6a-5ae060c7 [none]
[debug] [2026-04-20T06:23:54.365Z] <<< [apiv2][status] GET https://cloudfunctions.googleapis.com/v2/projects/waleed-6d2b1/locations/us-central1/operations/operation-1776666227149-64fde575a8a21-53ffeb4b-3cc2dc5c 200
[debug] [2026-04-20T06:23:54.366Z] <<< [apiv2][body] GET https://cloudfunctions.googleapis.com/v2/projects/waleed-6d2b1/locations/us-central1/operations/operation-1776666227149-64fde575a8a21-53ffeb4b-3cc2dc5c {"name":"projects/waleed-6d2b1/locations/us-central1/operations/operation-1776666227149-64fde575a8a21-53ffeb4b-3cc2dc5c","metadata":{"@type":"type.googleapis.com/google.cloud.functions.v2.OperationMetadata","createTime":"2026-04-20T06:23:47.929563688Z","target":"projects/waleed-6d2b1/locations/us-central1/functions/sendNewProductEmail","verb":"create","cancelRequested":false,"apiVersion":"v2","requestResource":{"@type":"type.googleapis.com/google.cloud.functions.v2.Function","name":"projects/waleed-6d2b1/locations/us-central1/functions/sendNewProductEmail","buildConfig":{"runtime":"nodejs20","entryPoint":"sendNewProductEmail","source":{"storageSource":{"bucket":"gcf-v2-sources-41201313634-us-central1","object":"sendNewProductEmail/function-source.zip","generation":"1776666227359179"}},"environmentVariables":{"GOOGLE_NODE_RUN_SCRIPTS":""},"sourceToken":"ClZwcm9qZWN0cy80MTIwMTMxMzYzNC9sb2NhdGlvbnMvdXMtY2VudHJhbDEvYnVpbGRzLzk4NjdmMzE3LWUyNzEtNDA3Yy1iOTUxLTY5Njk2M2RhNzA0YxJ6dXMtY2VudHJhbDEtZG9ja2VyLnBrZy5kZXYvd2FsZWVkLTZkMmIxL2djZi1hcnRpZmFjdHMvd2FsZWVkLS02ZDJiMV9fdXMtLWNlbnRyYWwxX19hdXRvX3N1YnNjcmliZV9idXllcl9vbl9vcmRlcjp2ZXJzaW9uXzEY4s6ovpkBIk9wcm9qZWN0cy93YWxlZWQtNmQyYjEvbG9jYXRpb25zL3VzLWNlbnRyYWwxL2Z1bmN0aW9ucy9hdXRvU3Vic2NyaWJlQnV5ZXJPbk9yZGVyKgwI74yXzwYQyJbPowEyCG5vZGVqczIwOnYKI2djci5pby9nYWUtcnVudGltZXMvbm9kZWpzMjA6c3RhYmxlEk91cy1jZW50cmFsMS1kb2NrZXIucGtnLmRldi9zZXJ2ZXJsZXNzLXJ1bnRpbWVzL2dvb2dsZS0yMi1mdWxsL3J1bnRpbWVzL25vZGVqczIwQAE=","serviceAccount":"projects/waleed-6d2b1/serviceAccounts/41201313634-compute@developer.gserviceaccount.com","automaticUpdatePolicy":{}},"serviceConfig":{"service":"projects/waleed-6d2b1/locations/us-central1/services/sendnewproductemail","timeoutSeconds":60,"environmentVariables":{"RESEND_API_KEY":"re_atfFPVKt_MnQqTyr7w9JR7GLQRABSmmYm","FROM_EMAIL":"PressPlay Nails <onboarding@resend.dev>","ADMIN_EMAIL":"workwithwaleed1@gmail.com","APP_URL":"https://i-waleedd.github.io/","FIREBASE_CONFIG":"{\"projectId\":\"waleed-6d2b1\",\"storageBucket\":\"waleed-6d2b1.firebasestorage.app\"}","GCLOUD_PROJECT":"waleed-6d2b1","EVENTARC_CLOUD_EVENT_SOURCE":"projects/waleed-6d2b1/locations/us-central1/services/sendNewProductEmail","FUNCTION_SIGNATURE_TYPE":"cloudevent","FUNCTION_TARGET":"sendNewProductEmail","LOG_EXECUTION_ID":"true"},"ingressSettings":"ALLOW_ALL","serviceAccountEmail":"41201313634-compute@developer.gserviceaccount.com","availableMemory":"256Mi","maxInstanceRequestConcurrency":80,"availableCpu":"1"},"eventTrigger":{"trigger":"projects/waleed-6d2b1/locations/nam5/triggers/sendnewproductemail-552624","triggerRegion":"nam5","eventType":"google.cloud.firestore.document.v1.created","eventFilters":[{"attribute":"database","value":"(default)"},{"attribute":"namespace","value":"(default)"},{"attribute":"document","value":"products/{productId}","operator":"match-path-pattern"}],"serviceAccountEmail":"41201313634-compute@developer.gserviceaccount.com","retryPolicy":"RETRY_POLICY_DO_NOT_RETRY"},"labels":{"deployment-tool":"cli-firebase","firebase-functions-hash":"c79b669699d7546866d56ca63f9e2dc3ed779b66"},"environment":"GEN_2"},"stages":[{"name":"BUILD","message":"Reusing build","state":"COMPLETE","resource":"projects/41201313634/locations/us-central1/builds/9867f317-e271-407c-b951-696963da704c","stateMessages":[{"severity":"WARNING","type":"BuildAnalysisWarning","message":"Node.js 20 is no longer supported by the Node.js community as of 30 April, 2026. Node.js 20 will be deprecated on 2026-04-30. We recommend you to upgrade to the latest version of Node.js as soon as possible."}]},{"name":"SERVICE","message":"Creating Cloud Run service","state":"IN_PROGRESS","resource":"projects/waleed-6d2b1/locations/us-central1/services/sendnewproductemail","resourceUri":"https://console.cloud.google.com/run/detail/us-central1/sendnewproductemail?project=waleed-6d2b1"},{"name":"TRIGGER","state":"NOT_STARTED"}],"sourceToken":"ClZwcm9qZWN0cy80MTIwMTMxMzYzNC9sb2NhdGlvbnMvdXMtY2VudHJhbDEvYnVpbGRzLzk4NjdmMzE3LWUyNzEtNDA3Yy1iOTUxLTY5Njk2M2RhNzA0YxJ6dXMtY2VudHJhbDEtZG9ja2VyLnBrZy5kZXYvd2FsZWVkLTZkMmIxL2djZi1hcnRpZmFjdHMvd2FsZWVkLS02ZDJiMV9fdXMtLWNlbnRyYWwxX19hdXRvX3N1YnNjcmliZV9idXllcl9vbl9vcmRlcjp2ZXJzaW9uXzEY4s6ovpkBIk9wcm9qZWN0cy93YWxlZWQtNmQyYjEvbG9jYXRpb25zL3VzLWNlbnRyYWwxL2Z1bmN0aW9ucy9hdXRvU3Vic2NyaWJlQnV5ZXJPbk9yZGVyKgwI74yXzwYQyJbPowEyCG5vZGVqczIwOnYKI2djci5pby9nYWUtcnVudGltZXMvbm9kZWpzMjA6c3RhYmxlEk91cy1jZW50cmFsMS1kb2NrZXIucGtnLmRldi9zZXJ2ZXJsZXNzLXJ1bnRpbWVzL2dvb2dsZS0yMi1mdWxsL3J1bnRpbWVzL25vZGVqczIwQAE=","operationType":"CREATE_FUNCTION","buildName":"projects/41201313634/locations/us-central1/builds/9867f317-e271-407c-b951-696963da704c"},"done":false}
[debug] [2026-04-20T06:23:54.366Z] Got source token ClZwcm9qZWN0cy80MTIwMTMxMzYzNC9sb2NhdGlvbnMvdXMtY2VudHJhbDEvYnVpbGRzLzk4NjdmMzE3LWUyNzEtNDA3Yy1iOTUxLTY5Njk2M2RhNzA0YxJ6dXMtY2VudHJhbDEtZG9ja2VyLnBrZy5kZXYvd2FsZWVkLTZkMmIxL2djZi1hcnRpZmFjdHMvd2FsZWVkLS02ZDJiMV9fdXMtLWNlbnRyYWwxX19hdXRvX3N1YnNjcmliZV9idXllcl9vbl9vcmRlcjp2ZXJzaW9uXzEY4s6ovpkBIk9wcm9qZWN0cy93YWxlZWQtNmQyYjEvbG9jYXRpb25zL3VzLWNlbnRyYWwxL2Z1bmN0aW9ucy9hdXRvU3Vic2NyaWJlQnV5ZXJPbk9yZGVyKgwI74yXzwYQyJbPowEyCG5vZGVqczIwOnYKI2djci5pby9nYWUtcnVudGltZXMvbm9kZWpzMjA6c3RhYmxlEk91cy1jZW50cmFsMS1kb2NrZXIucGtnLmRldi9zZXJ2ZXJsZXNzLXJ1bnRpbWVzL2dvb2dsZS0yMi1mdWxsL3J1bnRpbWVzL25vZGVqczIwQAE= for region us-central1
[debug] [2026-04-20T06:23:54.367Z] <<< [apiv2][status] GET https://cloudfunctions.googleapis.com/v2/projects/waleed-6d2b1/locations/us-central1/operations/operation-1776666227011-64fde57586dec-64135a80-a9876e33 200
[debug] [2026-04-20T06:23:54.367Z] <<< [apiv2][body] GET https://cloudfunctions.googleapis.com/v2/projects/waleed-6d2b1/locations/us-central1/operations/operation-1776666227011-64fde57586dec-64135a80-a9876e33 {"name":"projects/waleed-6d2b1/locations/us-central1/operations/operation-1776666227011-64fde57586dec-64135a80-a9876e33","metadata":{"@type":"type.googleapis.com/google.cloud.functions.v2.OperationMetadata","createTime":"2026-04-20T06:23:47.859165441Z","target":"projects/waleed-6d2b1/locations/us-central1/functions/sendManualPaymentAdminAlert","verb":"create","cancelRequested":false,"apiVersion":"v2","requestResource":{"@type":"type.googleapis.com/google.cloud.functions.v2.Function","name":"projects/waleed-6d2b1/locations/us-central1/functions/sendManualPaymentAdminAlert","buildConfig":{"runtime":"nodejs20","entryPoint":"sendManualPaymentAdminAlert","source":{"storageSource":{"bucket":"gcf-v2-sources-41201313634-us-central1","object":"sendManualPaymentAdminAlert/function-source.zip","generation":"1776666227246934"}},"environmentVariables":{"GOOGLE_NODE_RUN_SCRIPTS":""},"sourceToken":"ClZwcm9qZWN0cy80MTIwMTMxMzYzNC9sb2NhdGlvbnMvdXMtY2VudHJhbDEvYnVpbGRzLzk4NjdmMzE3LWUyNzEtNDA3Yy1iOTUxLTY5Njk2M2RhNzA0YxJ6dXMtY2VudHJhbDEtZG9ja2VyLnBrZy5kZXYvd2FsZWVkLTZkMmIxL2djZi1hcnRpZmFjdHMvd2FsZWVkLS02ZDJiMV9fdXMtLWNlbnRyYWwxX19hdXRvX3N1YnNjcmliZV9idXllcl9vbl9vcmRlcjp2ZXJzaW9uXzEY4s6ovpkBIk9wcm9qZWN0cy93YWxlZWQtNmQyYjEvbG9jYXRpb25zL3VzLWNlbnRyYWwxL2Z1bmN0aW9ucy9hdXRvU3Vic2NyaWJlQnV5ZXJPbk9yZGVyKgwI74yXzwYQyJbPowEyCG5vZGVqczIwOnYKI2djci5pby9nYWUtcnVudGltZXMvbm9kZWpzMjA6c3RhYmxlEk91cy1jZW50cmFsMS1kb2NrZXIucGtnLmRldi9zZXJ2ZXJsZXNzLXJ1bnRpbWVzL2dvb2dsZS0yMi1mdWxsL3J1bnRpbWVzL25vZGVqczIwQAE=","serviceAccount":"projects/waleed-6d2b1/serviceAccounts/41201313634-compute@developer.gserviceaccount.com","automaticUpdatePolicy":{}},"serviceConfig":{"service":"projects/waleed-6d2b1/locations/us-central1/services/sendmanualpaymentadminalert","timeoutSeconds":60,"environmentVariables":{"RESEND_API_KEY":"re_atfFPVKt_MnQqTyr7w9JR7GLQRABSmmYm","FROM_EMAIL":"PressPlay Nails <onboarding@resend.dev>","ADMIN_EMAIL":"workwithwaleed1@gmail.com","APP_URL":"https://i-waleedd.github.io/","FIREBASE_CONFIG":"{\"projectId\":\"waleed-6d2b1\",\"storageBucket\":\"waleed-6d2b1.firebasestorage.app\"}","GCLOUD_PROJECT":"waleed-6d2b1","EVENTARC_CLOUD_EVENT_SOURCE":"projects/waleed-6d2b1/locations/us-central1/services/sendManualPaymentAdminAlert","FUNCTION_SIGNATURE_TYPE":"cloudevent","FUNCTION_TARGET":"sendManualPaymentAdminAlert","LOG_EXECUTION_ID":"true"},"ingressSettings":"ALLOW_ALL","serviceAccountEmail":"41201313634-compute@developer.gserviceaccount.com","availableMemory":"256Mi","maxInstanceRequestConcurrency":80,"availableCpu":"1"},"eventTrigger":{"trigger":"projects/waleed-6d2b1/locations/nam5/triggers/sendmanualpaymentadminalert-564148","triggerRegion":"nam5","eventType":"google.cloud.firestore.document.v1.created","eventFilters":[{"attribute":"database","value":"(default)"},{"attribute":"namespace","value":"(default)"},{"attribute":"document","value":"orders/{orderId}","operator":"match-path-pattern"}],"serviceAccountEmail":"41201313634-compute@developer.gserviceaccount.com","retryPolicy":"RETRY_POLICY_DO_NOT_RETRY"},"labels":{"deployment-tool":"cli-firebase","firebase-functions-hash":"c79b669699d7546866d56ca63f9e2dc3ed779b66"},"environment":"GEN_2"},"stages":[{"name":"BUILD","message":"Reusing build","state":"COMPLETE","resource":"projects/41201313634/locations/us-central1/builds/9867f317-e271-407c-b951-696963da704c","stateMessages":[{"severity":"WARNING","type":"BuildAnalysisWarning","message":"Node.js 20 is no longer supported by the Node.js community as of 30 April, 2026. Node.js 20 will be deprecated on 2026-04-30. We recommend you to upgrade to the latest version of Node.js as soon as possible."}]},{"name":"SERVICE","message":"Creating Cloud Run service","state":"IN_PROGRESS","resource":"projects/waleed-6d2b1/locations/us-central1/services/sendmanualpaymentadminalert","resourceUri":"https://console.cloud.google.com/run/detail/us-central1/sendmanualpaymentadminalert?project=waleed-6d2b1"},{"name":"TRIGGER","state":"NOT_STARTED"}],"sourceToken":"ClZwcm9qZWN0cy80MTIwMTMxMzYzNC9sb2NhdGlvbnMvdXMtY2VudHJhbDEvYnVpbGRzLzk4NjdmMzE3LWUyNzEtNDA3Yy1iOTUxLTY5Njk2M2RhNzA0YxJ6dXMtY2VudHJhbDEtZG9ja2VyLnBrZy5kZXYvd2FsZWVkLTZkMmIxL2djZi1hcnRpZmFjdHMvd2FsZWVkLS02ZDJiMV9fdXMtLWNlbnRyYWwxX19hdXRvX3N1YnNjcmliZV9idXllcl9vbl9vcmRlcjp2ZXJzaW9uXzEY4s6ovpkBIk9wcm9qZWN0cy93YWxlZWQtNmQyYjEvbG9jYXRpb25zL3VzLWNlbnRyYWwxL2Z1bmN0aW9ucy9hdXRvU3Vic2NyaWJlQnV5ZXJPbk9yZGVyKgwI74yXzwYQyJbPowEyCG5vZGVqczIwOnYKI2djci5pby9nYWUtcnVudGltZXMvbm9kZWpzMjA6c3RhYmxlEk91cy1jZW50cmFsMS1kb2NrZXIucGtnLmRldi9zZXJ2ZXJsZXNzLXJ1bnRpbWVzL2dvb2dsZS0yMi1mdWxsL3J1bnRpbWVzL25vZGVqczIwQAE=","operationType":"CREATE_FUNCTION","buildName":"projects/41201313634/locations/us-central1/builds/9867f317-e271-407c-b951-696963da704c"},"done":false}
[debug] [2026-04-20T06:23:54.367Z] Got source token ClZwcm9qZWN0cy80MTIwMTMxMzYzNC9sb2NhdGlvbnMvdXMtY2VudHJhbDEvYnVpbGRzLzk4NjdmMzE3LWUyNzEtNDA3Yy1iOTUxLTY5Njk2M2RhNzA0YxJ6dXMtY2VudHJhbDEtZG9ja2VyLnBrZy5kZXYvd2FsZWVkLTZkMmIxL2djZi1hcnRpZmFjdHMvd2FsZWVkLS02ZDJiMV9fdXMtLWNlbnRyYWwxX19hdXRvX3N1YnNjcmliZV9idXllcl9vbl9vcmRlcjp2ZXJzaW9uXzEY4s6ovpkBIk9wcm9qZWN0cy93YWxlZWQtNmQyYjEvbG9jYXRpb25zL3VzLWNlbnRyYWwxL2Z1bmN0aW9ucy9hdXRvU3Vic2NyaWJlQnV5ZXJPbk9yZGVyKgwI74yXzwYQyJbPowEyCG5vZGVqczIwOnYKI2djci5pby9nYWUtcnVudGltZXMvbm9kZWpzMjA6c3RhYmxlEk91cy1jZW50cmFsMS1kb2NrZXIucGtnLmRldi9zZXJ2ZXJsZXNzLXJ1bnRpbWVzL2dvb2dsZS0yMi1mdWxsL3J1bnRpbWVzL25vZGVqczIwQAE= for region us-central1
[debug] [2026-04-20T06:23:54.676Z] <<< [apiv2][status] GET https://cloudfunctions.googleapis.com/v2/projects/waleed-6d2b1/locations/us-central1/operations/operation-1776666227187-64fde575b1ded-d147aa6a-5ae060c7 200
[debug] [2026-04-20T06:23:54.676Z] <<< [apiv2][body] GET https://cloudfunctions.googleapis.com/v2/projects/waleed-6d2b1/locations/us-central1/operations/operation-1776666227187-64fde575b1ded-d147aa6a-5ae060c7 {"name":"projects/waleed-6d2b1/locations/us-central1/operations/operation-1776666227187-64fde575b1ded-d147aa6a-5ae060c7","metadata":{"@type":"type.googleapis.com/google.cloud.functions.v2.OperationMetadata","createTime":"2026-04-20T06:23:48.146199250Z","target":"projects/waleed-6d2b1/locations/us-central1/functions/sendSaleEmail","verb":"create","cancelRequested":false,"apiVersion":"v2","requestResource":{"@type":"type.googleapis.com/google.cloud.functions.v2.Function","name":"projects/waleed-6d2b1/locations/us-central1/functions/sendSaleEmail","buildConfig":{"runtime":"nodejs20","entryPoint":"sendSaleEmail","source":{"storageSource":{"bucket":"gcf-v2-sources-41201313634-us-central1","object":"sendSaleEmail/function-source.zip","generation":"1776666227406316"}},"environmentVariables":{"GOOGLE_NODE_RUN_SCRIPTS":""},"sourceToken":"ClZwcm9qZWN0cy80MTIwMTMxMzYzNC9sb2NhdGlvbnMvdXMtY2VudHJhbDEvYnVpbGRzLzk4NjdmMzE3LWUyNzEtNDA3Yy1iOTUxLTY5Njk2M2RhNzA0YxJ6dXMtY2VudHJhbDEtZG9ja2VyLnBrZy5kZXYvd2FsZWVkLTZkMmIxL2djZi1hcnRpZmFjdHMvd2FsZWVkLS02ZDJiMV9fdXMtLWNlbnRyYWwxX19hdXRvX3N1YnNjcmliZV9idXllcl9vbl9vcmRlcjp2ZXJzaW9uXzEY4s6ovpkBIk9wcm9qZWN0cy93YWxlZWQtNmQyYjEvbG9jYXRpb25zL3VzLWNlbnRyYWwxL2Z1bmN0aW9ucy9hdXRvU3Vic2NyaWJlQnV5ZXJPbk9yZGVyKgwI74yXzwYQyJbPowEyCG5vZGVqczIwOnYKI2djci5pby9nYWUtcnVudGltZXMvbm9kZWpzMjA6c3RhYmxlEk91cy1jZW50cmFsMS1kb2NrZXIucGtnLmRldi9zZXJ2ZXJsZXNzLXJ1bnRpbWVzL2dvb2dsZS0yMi1mdWxsL3J1bnRpbWVzL25vZGVqczIwQAE=","serviceAccount":"projects/waleed-6d2b1/serviceAccounts/41201313634-compute@developer.gserviceaccount.com","automaticUpdatePolicy":{}},"serviceConfig":{"service":"projects/waleed-6d2b1/locations/us-central1/services/sendsaleemail","timeoutSeconds":60,"environmentVariables":{"RESEND_API_KEY":"re_atfFPVKt_MnQqTyr7w9JR7GLQRABSmmYm","FROM_EMAIL":"PressPlay Nails <onboarding@resend.dev>","ADMIN_EMAIL":"workwithwaleed1@gmail.com","APP_URL":"https://i-waleedd.github.io/","FIREBASE_CONFIG":"{\"projectId\":\"waleed-6d2b1\",\"storageBucket\":\"waleed-6d2b1.firebasestorage.app\"}","GCLOUD_PROJECT":"waleed-6d2b1","EVENTARC_CLOUD_EVENT_SOURCE":"projects/waleed-6d2b1/locations/us-central1/services/sendSaleEmail","FUNCTION_SIGNATURE_TYPE":"cloudevent","FUNCTION_TARGET":"sendSaleEmail","LOG_EXECUTION_ID":"true"},"ingressSettings":"ALLOW_ALL","serviceAccountEmail":"41201313634-compute@developer.gserviceaccount.com","availableMemory":"256Mi","maxInstanceRequestConcurrency":80,"availableCpu":"1"},"eventTrigger":{"trigger":"projects/waleed-6d2b1/locations/nam5/triggers/sendsaleemail-260711","triggerRegion":"nam5","eventType":"google.cloud.firestore.document.v1.updated","eventFilters":[{"attribute":"database","value":"(default)"},{"attribute":"namespace","value":"(default)"},{"attribute":"document","value":"products/{productId}","operator":"match-path-pattern"}],"serviceAccountEmail":"41201313634-compute@developer.gserviceaccount.com","retryPolicy":"RETRY_POLICY_DO_NOT_RETRY"},"labels":{"deployment-tool":"cli-firebase","firebase-functions-hash":"c79b669699d7546866d56ca63f9e2dc3ed779b66"},"environment":"GEN_2"},"stages":[{"name":"BUILD","message":"Reusing build","state":"COMPLETE","resource":"projects/41201313634/locations/us-central1/builds/9867f317-e271-407c-b951-696963da704c","stateMessages":[{"severity":"WARNING","type":"BuildAnalysisWarning","message":"Node.js 20 is no longer supported by the Node.js community as of 30 April, 2026. Node.js 20 will be deprecated on 2026-04-30. We recommend you to upgrade to the latest version of Node.js as soon as possible."}]},{"name":"SERVICE","message":"Creating Cloud Run service","state":"IN_PROGRESS","resource":"projects/waleed-6d2b1/locations/us-central1/services/sendsaleemail","resourceUri":"https://console.cloud.google.com/run/detail/us-central1/sendsaleemail?project=waleed-6d2b1"},{"name":"TRIGGER","state":"NOT_STARTED"}],"sourceToken":"ClZwcm9qZWN0cy80MTIwMTMxMzYzNC9sb2NhdGlvbnMvdXMtY2VudHJhbDEvYnVpbGRzLzk4NjdmMzE3LWUyNzEtNDA3Yy1iOTUxLTY5Njk2M2RhNzA0YxJ6dXMtY2VudHJhbDEtZG9ja2VyLnBrZy5kZXYvd2FsZWVkLTZkMmIxL2djZi1hcnRpZmFjdHMvd2FsZWVkLS02ZDJiMV9fdXMtLWNlbnRyYWwxX19hdXRvX3N1YnNjcmliZV9idXllcl9vbl9vcmRlcjp2ZXJzaW9uXzEY4s6ovpkBIk9wcm9qZWN0cy93YWxlZWQtNmQyYjEvbG9jYXRpb25zL3VzLWNlbnRyYWwxL2Z1bmN0aW9ucy9hdXRvU3Vic2NyaWJlQnV5ZXJPbk9yZGVyKgwI74yXzwYQyJbPowEyCG5vZGVqczIwOnYKI2djci5pby9nYWUtcnVudGltZXMvbm9kZWpzMjA6c3RhYmxlEk91cy1jZW50cmFsMS1kb2NrZXIucGtnLmRldi9zZXJ2ZXJsZXNzLXJ1bnRpbWVzL2dvb2dsZS0yMi1mdWxsL3J1bnRpbWVzL25vZGVqczIwQAE=","operationType":"CREATE_FUNCTION","buildName":"projects/41201313634/locations/us-central1/builds/9867f317-e271-407c-b951-696963da704c"},"done":false}
[debug] [2026-04-20T06:23:54.676Z] Got source token ClZwcm9qZWN0cy80MTIwMTMxMzYzNC9sb2NhdGlvbnMvdXMtY2VudHJhbDEvYnVpbGRzLzk4NjdmMzE3LWUyNzEtNDA3Yy1iOTUxLTY5Njk2M2RhNzA0YxJ6dXMtY2VudHJhbDEtZG9ja2VyLnBrZy5kZXYvd2FsZWVkLTZkMmIxL2djZi1hcnRpZmFjdHMvd2FsZWVkLS02ZDJiMV9fdXMtLWNlbnRyYWwxX19hdXRvX3N1YnNjcmliZV9idXllcl9vbl9vcmRlcjp2ZXJzaW9uXzEY4s6ovpkBIk9wcm9qZWN0cy93YWxlZWQtNmQyYjEvbG9jYXRpb25zL3VzLWNlbnRyYWwxL2Z1bmN0aW9ucy9hdXRvU3Vic2NyaWJlQnV5ZXJPbk9yZGVyKgwI74yXzwYQyJbPowEyCG5vZGVqczIwOnYKI2djci5pby9nYWUtcnVudGltZXMvbm9kZWpzMjA6c3RhYmxlEk91cy1jZW50cmFsMS1kb2NrZXIucGtnLmRldi9zZXJ2ZXJsZXNzLXJ1bnRpbWVzL2dvb2dsZS0yMi1mdWxsL3J1bnRpbWVzL25vZGVqczIwQAE= for region us-central1
[debug] [2026-04-20T06:23:54.677Z] <<< [apiv2][status] GET https://cloudfunctions.googleapis.com/v2/projects/waleed-6d2b1/locations/us-central1/operations/operation-1776666227196-64fde575b41c8-3a10f62b-855b0737 200
[debug] [2026-04-20T06:23:54.677Z] <<< [apiv2][body] GET https://cloudfunctions.googleapis.com/v2/projects/waleed-6d2b1/locations/us-central1/operations/operation-1776666227196-64fde575b41c8-3a10f62b-855b0737 {"name":"projects/waleed-6d2b1/locations/us-central1/operations/operation-1776666227196-64fde575b41c8-3a10f62b-855b0737","metadata":{"@type":"type.googleapis.com/google.cloud.functions.v2.OperationMetadata","createTime":"2026-04-20T06:23:48.084853558Z","target":"projects/waleed-6d2b1/locations/us-central1/functions/notifyCustomerOnPaymentConfirmed","verb":"create","cancelRequested":false,"apiVersion":"v2","requestResource":{"@type":"type.googleapis.com/google.cloud.functions.v2.Function","name":"projects/waleed-6d2b1/locations/us-central1/functions/notifyCustomerOnPaymentConfirmed","buildConfig":{"runtime":"nodejs20","entryPoint":"notifyCustomerOnPaymentConfirmed","source":{"storageSource":{"bucket":"gcf-v2-sources-41201313634-us-central1","object":"notifyCustomerOnPaymentConfirmed/function-source.zip","generation":"1776666227413362"}},"environmentVariables":{"GOOGLE_NODE_RUN_SCRIPTS":""},"sourceToken":"ClZwcm9qZWN0cy80MTIwMTMxMzYzNC9sb2NhdGlvbnMvdXMtY2VudHJhbDEvYnVpbGRzLzk4NjdmMzE3LWUyNzEtNDA3Yy1iOTUxLTY5Njk2M2RhNzA0YxJ6dXMtY2VudHJhbDEtZG9ja2VyLnBrZy5kZXYvd2FsZWVkLTZkMmIxL2djZi1hcnRpZmFjdHMvd2FsZWVkLS02ZDJiMV9fdXMtLWNlbnRyYWwxX19hdXRvX3N1YnNjcmliZV9idXllcl9vbl9vcmRlcjp2ZXJzaW9uXzEY4s6ovpkBIk9wcm9qZWN0cy93YWxlZWQtNmQyYjEvbG9jYXRpb25zL3VzLWNlbnRyYWwxL2Z1bmN0aW9ucy9hdXRvU3Vic2NyaWJlQnV5ZXJPbk9yZGVyKgwI74yXzwYQyJbPowEyCG5vZGVqczIwOnYKI2djci5pby9nYWUtcnVudGltZXMvbm9kZWpzMjA6c3RhYmxlEk91cy1jZW50cmFsMS1kb2NrZXIucGtnLmRldi9zZXJ2ZXJsZXNzLXJ1bnRpbWVzL2dvb2dsZS0yMi1mdWxsL3J1bnRpbWVzL25vZGVqczIwQAE=","serviceAccount":"projects/waleed-6d2b1/serviceAccounts/41201313634-compute@developer.gserviceaccount.com","automaticUpdatePolicy":{}},"serviceConfig":{"service":"projects/waleed-6d2b1/locations/us-central1/services/notifycustomeronpaymentconfirmed","timeoutSeconds":60,"environmentVariables":{"RESEND_API_KEY":"re_atfFPVKt_MnQqTyr7w9JR7GLQRABSmmYm","FROM_EMAIL":"PressPlay Nails <onboarding@resend.dev>","ADMIN_EMAIL":"workwithwaleed1@gmail.com","APP_URL":"https://i-waleedd.github.io/","FIREBASE_CONFIG":"{\"projectId\":\"waleed-6d2b1\",\"storageBucket\":\"waleed-6d2b1.firebasestorage.app\"}","GCLOUD_PROJECT":"waleed-6d2b1","EVENTARC_CLOUD_EVENT_SOURCE":"projects/waleed-6d2b1/locations/us-central1/services/notifyCustomerOnPaymentConfirmed","FUNCTION_SIGNATURE_TYPE":"cloudevent","FUNCTION_TARGET":"notifyCustomerOnPaymentConfirmed","LOG_EXECUTION_ID":"true"},"ingressSettings":"ALLOW_ALL","serviceAccountEmail":"41201313634-compute@developer.gserviceaccount.com","availableMemory":"256Mi","maxInstanceRequestConcurrency":80,"availableCpu":"1"},"eventTrigger":{"trigger":"projects/waleed-6d2b1/locations/nam5/triggers/notifycustomeronpaymentconfirmed-217383","triggerRegion":"nam5","eventType":"google.cloud.firestore.document.v1.updated","eventFilters":[{"attribute":"database","value":"(default)"},{"attribute":"namespace","value":"(default)"},{"attribute":"document","value":"orders/{orderId}","operator":"match-path-pattern"}],"serviceAccountEmail":"41201313634-compute@developer.gserviceaccount.com","retryPolicy":"RETRY_POLICY_DO_NOT_RETRY"},"labels":{"deployment-tool":"cli-firebase","firebase-functions-hash":"c79b669699d7546866d56ca63f9e2dc3ed779b66"},"environment":"GEN_2"},"stages":[{"name":"BUILD","message":"Reusing build","state":"COMPLETE","resource":"projects/41201313634/locations/us-central1/builds/9867f317-e271-407c-b951-696963da704c","stateMessages":[{"severity":"WARNING","type":"BuildAnalysisWarning","message":"Node.js 20 is no longer supported by the Node.js community as of 30 April, 2026. Node.js 20 will be deprecated on 2026-04-30. We recommend you to upgrade to the latest version of Node.js as soon as possible."}]},{"name":"SERVICE","message":"Creating Cloud Run service","state":"IN_PROGRESS","resource":"projects/waleed-6d2b1/locations/us-central1/services/notifycustomeronpaymentconfirmed","resourceUri":"https://console.cloud.google.com/run/detail/us-central1/notifycustomeronpaymentconfirmed?project=waleed-6d2b1"},{"name":"TRIGGER","state":"NOT_STARTED"}],"sourceToken":"ClZwcm9qZWN0cy80MTIwMTMxMzYzNC9sb2NhdGlvbnMvdXMtY2VudHJhbDEvYnVpbGRzLzk4NjdmMzE3LWUyNzEtNDA3Yy1iOTUxLTY5Njk2M2RhNzA0YxJ6dXMtY2VudHJhbDEtZG9ja2VyLnBrZy5kZXYvd2FsZWVkLTZkMmIxL2djZi1hcnRpZmFjdHMvd2FsZWVkLS02ZDJiMV9fdXMtLWNlbnRyYWwxX19hdXRvX3N1YnNjcmliZV9idXllcl9vbl9vcmRlcjp2ZXJzaW9uXzEY4s6ovpkBIk9wcm9qZWN0cy93YWxlZWQtNmQyYjEvbG9jYXRpb25zL3VzLWNlbnRyYWwxL2Z1bmN0aW9ucy9hdXRvU3Vic2NyaWJlQnV5ZXJPbk9yZGVyKgwI74yXzwYQyJbPowEyCG5vZGVqczIwOnYKI2djci5pby9nYWUtcnVudGltZXMvbm9kZWpzMjA6c3RhYmxlEk91cy1jZW50cmFsMS1kb2NrZXIucGtnLmRldi9zZXJ2ZXJsZXNzLXJ1bnRpbWVzL2dvb2dsZS0yMi1mdWxsL3J1bnRpbWVzL25vZGVqczIwQAE=","operationType":"CREATE_FUNCTION","buildName":"projects/41201313634/locations/us-central1/builds/9867f317-e271-407c-b951-696963da704c"},"done":false}
[debug] [2026-04-20T06:23:54.678Z] Got source token ClZwcm9qZWN0cy80MTIwMTMxMzYzNC9sb2NhdGlvbnMvdXMtY2VudHJhbDEvYnVpbGRzLzk4NjdmMzE3LWUyNzEtNDA3Yy1iOTUxLTY5Njk2M2RhNzA0YxJ6dXMtY2VudHJhbDEtZG9ja2VyLnBrZy5kZXYvd2FsZWVkLTZkMmIxL2djZi1hcnRpZmFjdHMvd2FsZWVkLS02ZDJiMV9fdXMtLWNlbnRyYWwxX19hdXRvX3N1YnNjcmliZV9idXllcl9vbl9vcmRlcjp2ZXJzaW9uXzEY4s6ovpkBIk9wcm9qZWN0cy93YWxlZWQtNmQyYjEvbG9jYXRpb25zL3VzLWNlbnRyYWwxL2Z1bmN0aW9ucy9hdXRvU3Vic2NyaWJlQnV5ZXJPbk9yZGVyKgwI74yXzwYQyJbPowEyCG5vZGVqczIwOnYKI2djci5pby9nYWUtcnVudGltZXMvbm9kZWpzMjA6c3RhYmxlEk91cy1jZW50cmFsMS1kb2NrZXIucGtnLmRldi9zZXJ2ZXJsZXNzLXJ1bnRpbWVzL2dvb2dsZS0yMi1mdWxsL3J1bnRpbWVzL25vZGVqczIwQAE= for region us-central1
[debug] [2026-04-20T06:23:55.576Z] [create-default-us-central1-autoSubscribeBuyerOnOrder] Retrying task index 0
[debug] [2026-04-20T06:23:55.576Z] Checked if tokens are valid: true, expires at: 1776667754484
[debug] [2026-04-20T06:23:55.576Z] Checked if tokens are valid: true, expires at: 1776667754484
[debug] [2026-04-20T06:23:55.576Z] >>> [apiv2][query] GET https://cloudfunctions.googleapis.com/v2/projects/waleed-6d2b1/locations/us-central1/operations/operation-1776666182321-64fde54ae8648-a03d19b7-07c999e6 [none]
[debug] [2026-04-20T06:23:56.414Z] <<< [apiv2][status] GET https://cloudfunctions.googleapis.com/v2/projects/waleed-6d2b1/locations/us-central1/operations/operation-1776666182321-64fde54ae8648-a03d19b7-07c999e6 200
[debug] [2026-04-20T06:23:56.414Z] <<< [apiv2][body] GET https://cloudfunctions.googleapis.com/v2/projects/waleed-6d2b1/locations/us-central1/operations/operation-1776666182321-64fde54ae8648-a03d19b7-07c999e6 {"name":"projects/waleed-6d2b1/locations/us-central1/operations/operation-1776666182321-64fde54ae8648-a03d19b7-07c999e6","metadata":{"@type":"type.googleapis.com/google.cloud.functions.v2.OperationMetadata","createTime":"2026-04-20T06:23:03.277005668Z","target":"projects/waleed-6d2b1/locations/us-central1/functions/autoSubscribeBuyerOnOrder","verb":"create","cancelRequested":false,"apiVersion":"v2","requestResource":{"@type":"type.googleapis.com/google.cloud.functions.v2.Function","name":"projects/waleed-6d2b1/locations/us-central1/functions/autoSubscribeBuyerOnOrder","buildConfig":{"runtime":"nodejs20","entryPoint":"autoSubscribeBuyerOnOrder","source":{"storageSource":{"bucket":"gcf-v2-sources-41201313634-us-central1","object":"autoSubscribeBuyerOnOrder/function-source.zip","generation":"1776666182556520"}},"environmentVariables":{"GOOGLE_NODE_RUN_SCRIPTS":""},"serviceAccount":"projects/waleed-6d2b1/serviceAccounts/41201313634-compute@developer.gserviceaccount.com","automaticUpdatePolicy":{}},"serviceConfig":{"service":"projects/waleed-6d2b1/locations/us-central1/services/autosubscribebuyeronorder","timeoutSeconds":60,"environmentVariables":{"RESEND_API_KEY":"re_atfFPVKt_MnQqTyr7w9JR7GLQRABSmmYm","FROM_EMAIL":"PressPlay Nails <onboarding@resend.dev>","ADMIN_EMAIL":"workwithwaleed1@gmail.com","APP_URL":"https://i-waleedd.github.io/","FIREBASE_CONFIG":"{\"projectId\":\"waleed-6d2b1\",\"storageBucket\":\"waleed-6d2b1.firebasestorage.app\"}","GCLOUD_PROJECT":"waleed-6d2b1","EVENTARC_CLOUD_EVENT_SOURCE":"projects/waleed-6d2b1/locations/us-central1/services/autoSubscribeBuyerOnOrder","FUNCTION_SIGNATURE_TYPE":"cloudevent","FUNCTION_TARGET":"autoSubscribeBuyerOnOrder","LOG_EXECUTION_ID":"true"},"ingressSettings":"ALLOW_ALL","serviceAccountEmail":"41201313634-compute@developer.gserviceaccount.com","availableMemory":"256Mi","maxInstanceRequestConcurrency":80,"availableCpu":"1"},"eventTrigger":{"trigger":"projects/waleed-6d2b1/locations/nam5/triggers/autosubscribebuyeronorder-124918","triggerRegion":"nam5","eventType":"google.cloud.firestore.document.v1.created","eventFilters":[{"attribute":"database","value":"(default)"},{"attribute":"namespace","value":"(default)"},{"attribute":"document","value":"orders/{orderId}","operator":"match-path-pattern"}],"serviceAccountEmail":"41201313634-compute@developer.gserviceaccount.com","retryPolicy":"RETRY_POLICY_DO_NOT_RETRY"},"labels":{"deployment-tool":"cli-firebase","firebase-functions-hash":"c79b669699d7546866d56ca63f9e2dc3ed779b66"},"environment":"GEN_2"},"stages":[{"name":"BUILD","message":"Build finished","state":"COMPLETE","resource":"projects/41201313634/locations/us-central1/builds/9867f317-e271-407c-b951-696963da704c","resourceUri":"https://console.cloud.google.com/cloud-build/builds;region=us-central1/9867f317-e271-407c-b951-696963da704c?project=41201313634"},{"name":"SERVICE","message":"Creating Cloud Run service","state":"IN_PROGRESS","resource":"projects/waleed-6d2b1/locations/us-central1/services/autosubscribebuyeronorder","resourceUri":"https://console.cloud.google.com/run/detail/us-central1/autosubscribebuyeronorder?project=waleed-6d2b1"},{"name":"TRIGGER","state":"NOT_STARTED"}],"sourceToken":"ClZwcm9qZWN0cy80MTIwMTMxMzYzNC9sb2NhdGlvbnMvdXMtY2VudHJhbDEvYnVpbGRzLzk4NjdmMzE3LWUyNzEtNDA3Yy1iOTUxLTY5Njk2M2RhNzA0YxJ6dXMtY2VudHJhbDEtZG9ja2VyLnBrZy5kZXYvd2FsZWVkLTZkMmIxL2djZi1hcnRpZmFjdHMvd2FsZWVkLS02ZDJiMV9fdXMtLWNlbnRyYWwxX19hdXRvX3N1YnNjcmliZV9idXllcl9vbl9vcmRlcjp2ZXJzaW9uXzEY4s6ovpkBIk9wcm9qZWN0cy93YWxlZWQtNmQyYjEvbG9jYXRpb25zL3VzLWNlbnRyYWwxL2Z1bmN0aW9ucy9hdXRvU3Vic2NyaWJlQnV5ZXJPbk9yZGVyKgwI74yXzwYQyJbPowEyCG5vZGVqczIwOnYKI2djci5pby9nYWUtcnVudGltZXMvbm9kZWpzMjA6c3RhYmxlEk91cy1jZW50cmFsMS1kb2NrZXIucGtnLmRldi9zZXJ2ZXJsZXNzLXJ1bnRpbWVzL2dvb2dsZS0yMi1mdWxsL3J1bnRpbWVzL25vZGVqczIwQAE=","operationType":"CREATE_FUNCTION","buildName":"projects/41201313634/locations/us-central1/builds/9867f317-e271-407c-b951-696963da704c"},"done":false}
[debug] [2026-04-20T06:23:56.415Z] Got source token ClZwcm9qZWN0cy80MTIwMTMxMzYzNC9sb2NhdGlvbnMvdXMtY2VudHJhbDEvYnVpbGRzLzk4NjdmMzE3LWUyNzEtNDA3Yy1iOTUxLTY5Njk2M2RhNzA0YxJ6dXMtY2VudHJhbDEtZG9ja2VyLnBrZy5kZXYvd2FsZWVkLTZkMmIxL2djZi1hcnRpZmFjdHMvd2FsZWVkLS02ZDJiMV9fdXMtLWNlbnRyYWwxX19hdXRvX3N1YnNjcmliZV9idXllcl9vbl9vcmRlcjp2ZXJzaW9uXzEY4s6ovpkBIk9wcm9qZWN0cy93YWxlZWQtNmQyYjEvbG9jYXRpb25zL3VzLWNlbnRyYWwxL2Z1bmN0aW9ucy9hdXRvU3Vic2NyaWJlQnV5ZXJPbk9yZGVyKgwI74yXzwYQyJbPowEyCG5vZGVqczIwOnYKI2djci5pby9nYWUtcnVudGltZXMvbm9kZWpzMjA6c3RhYmxlEk91cy1jZW50cmFsMS1kb2NrZXIucGtnLmRldi9zZXJ2ZXJsZXNzLXJ1bnRpbWVzL2dvb2dsZS0yMi1mdWxsL3J1bnRpbWVzL25vZGVqczIwQAE= for region us-central1
